Municipio,MUNIC_RES,ANO_CMPT,pop_ac60,n_densito,tx_densito10k,data
ABATIA,410010,2010,1121,0,0,01/01/2010
ADRIANOPOLIS,410020,2010,931,0,0,01/01/2010
AGUDOS DO SUL,410030,2010,994,0,0,01/01/2010
ALMIRANTE TAMANDARE,410040,2010,7321,0,0,01/01/2010
ALTAMIRA DO PARANA,410045,2010,567,0,0,01/01/2010
ALTONIA,410050,2010,3217,0,0,01/01/2010
ALTO PARANA,410060,2010,1740,0,0,01/01/2010
ALTO PIQUIRI,410070,2010,1485,0,0,01/01/2010
ALVORADA DO SUL,410080,2010,1444,1,6.92520775623269,01/01/2010
AMAPORA,410090,2010,500,0,0,01/01/2010
AMPERE,410100,2010,2008,0,0,01/01/2010
ANAHY,410105,2010,449,0,0,01/01/2010
ANDIRA,410110,2010,3048,0,0,01/01/2010
ANGULO,410115,2010,389,0,0,01/01/2010
ANTONINA,410120,2010,2692,0,0,01/01/2010
ANTONIO OLINTO,410130,2010,1028,0,0,01/01/2010
APUCARANA,410140,2010,15189,0,0,01/01/2010
ARAPONGAS,410150,2010,12466,0,0,01/01/2010
ARAPOTI,410160,2010,2481,0,0,01/01/2010
ARAPUA,410165,2010,607,0,0,01/01/2010
ARARUNA,410170,2010,1743,0,0,01/01/2010
ARAUCARIA,410180,2010,8814,0,0,01/01/2010
ARIRANHA DO IVAI,410185,2010,414,0,0,01/01/2010
ASSAI,410190,2010,2533,0,0,01/01/2010
ASSIS CHATEAUBRIAND,410200,2010,5091,0,0,01/01/2010
ASTORGA,410210,2010,3624,0,0,01/01/2010
ATALAIA,410220,2010,624,0,0,01/01/2010
BALSA NOVA,410230,2010,1137,0,0,01/01/2010
BANDEIRANTES,410240,2010,4412,0,0,01/01/2010
BARBOSA FERRAZ,410250,2010,2089,0,0,01/01/2010
BARRACAO,410260,2010,1160,0,0,01/01/2010
BARRA DO JACARE,410270,2010,462,3,64.9350649350649,01/01/2010
BELA VISTA DA CAROBA,410275,2010,589,0,0,01/01/2010
BELA VISTA DO PARAISO,410280,2010,2436,4,16.4203612479475,01/01/2010
BITURUNA,410290,2010,1463,40,273.410799726589,01/01/2010
BOA ESPERANCA,410300,2010,683,0,0,01/01/2010
BOA ESPERANCA DO IGUACU,410302,2010,303,0,0,01/01/2010
BOA VENTURA DE SAO ROQUE,410304,2010,595,5,84.0336134453782,01/01/2010
BOA VISTA DA APARECIDA,410305,2010,1159,0,0,01/01/2010
BOCAIUVA DO SUL,410310,2010,1181,0,0,01/01/2010
BOM JESUS DO SUL,410315,2010,615,0,0,01/01/2010
BOM SUCESSO,410320,2010,885,0,0,01/01/2010
BOM SUCESSO DO SUL,410322,2010,489,0,0,01/01/2010
BORRAZOPOLIS,410330,2010,1361,0,0,01/01/2010
BRAGANEY,410335,2010,789,0,0,01/01/2010
BRASILANDIA DO SUL,410337,2010,505,0,0,01/01/2010
CAFEARA,410340,2010,371,3,80.8625336927224,01/01/2010
CAFELANDIA,410345,2010,1230,0,0,01/01/2010
CAFEZAL DO SUL,410347,2010,711,0,0,01/01/2010
CALIFORNIA,410350,2010,1143,0,0,01/01/2010
CAMBARA,410360,2010,3494,4,11.4481969089868,01/01/2010
CAMBE,410370,2010,11493,95,82.6590098320717,01/01/2010
CAMBIRA,410380,2010,1008,0,0,01/01/2010
CAMPINA DA LAGOA,410390,2010,2185,0,0,01/01/2010
CAMPINA DO SIMAO,410395,2010,379,0,0,01/01/2010
CAMPINA GRANDE DO SUL,410400,2010,2971,0,0,01/01/2010
CAMPO BONITO,410405,2010,527,0,0,01/01/2010
CAMPO DO TENENTE,410410,2010,640,0,0,01/01/2010
CAMPO LARGO,410420,2010,10670,0,0,01/01/2010
CAMPO MAGRO,410425,2010,2024,0,0,01/01/2010
CAMPO MOURAO,410430,2010,9924,176,177.347843611447,01/01/2010
CANDIDO DE ABREU,410440,2010,2049,0,0,01/01/2010
CANDOI,410442,2010,1324,8,60.4229607250755,01/01/2010
CANTAGALO,410445,2010,1319,1,7.58150113722517,01/01/2010
CAPANEMA,410450,2010,2722,0,0,01/01/2010
CAPITAO LEONIDAS MARQUES,410460,2010,1911,0,0,01/01/2010
CARAMBEI,410465,2010,1423,0,0,01/01/2010
CARLOPOLIS,410470,2010,1879,14,74.5077168706759,01/01/2010
CASCAVEL,410480,2010,26061,0,0,01/01/2010
CASTRO,410490,2010,6526,0,0,01/01/2010
CATANDUVAS,410500,2010,1158,0,0,01/01/2010
CENTENARIO DO SUL,410510,2010,1602,3,18.7265917602996,01/01/2010
CERRO AZUL,410520,2010,1866,0,0,01/01/2010
CEU AZUL,410530,2010,1497,0,0,01/01/2010
CHOPINZINHO,410540,2010,2447,12,49.0396403759706,01/01/2010
CIANORTE,410550,2010,8278,47,56.7769992751873,01/01/2010
CIDADE GAUCHA,410560,2010,1255,0,0,01/01/2010
CLEVELANDIA,410570,2010,2189,6,27.4097761534948,01/01/2010
COLOMBO,410580,2010,15696,1,0.63710499490316,01/01/2010
COLORADO,410590,2010,3023,0,0,01/01/2010
CONGONHINHAS,410600,2010,1214,0,0,01/01/2010
CONSELHEIRO MAIRINCK,410610,2010,528,0,0,01/01/2010
CONTENDA,410620,2010,1723,0,0,01/01/2010
CORBELIA,410630,2010,2030,0,0,01/01/2010
CORNELIO PROCOPIO,410640,2010,6894,0,0,01/01/2010
CORONEL DOMINGOS SOARES,410645,2010,595,0,0,01/01/2010
CORONEL VIVIDA,410650,2010,3017,8,26.5164070268479,01/01/2010
CORUMBATAI DO SUL,410655,2010,629,0,0,01/01/2010
CRUZEIRO DO IGUACU,410657,2010,535,0,0,01/01/2010
CRUZEIRO DO OESTE,410660,2010,3054,0,0,01/01/2010
CRUZEIRO DO SUL,410670,2010,582,0,0,01/01/2010
CRUZ MACHADO,410680,2010,1960,1,5.10204081632653,01/01/2010
CRUZMALTINA,410685,2010,465,0,0,01/01/2010
CURITIBA,410690,2010,200895,15,0.746658702307176,01/01/2010
CURIUVA,410700,2010,1701,0,0,01/01/2010
DIAMANTE DO NORTE,410710,2010,872,0,0,01/01/2010
DIAMANTE DO SUL,410712,2010,397,0,0,01/01/2010
DIAMANTE D'OESTE,410715,2010,667,0,0,01/01/2010
DOIS VIZINHOS,410720,2010,3732,0,0,01/01/2010
DOURADINA,410725,2010,982,0,0,01/01/2010
DOUTOR CAMARGO,410730,2010,1062,0,0,01/01/2010
ENEAS MARQUES,410740,2010,800,0,0,01/01/2010
ENGENHEIRO BELTRAO,410750,2010,1852,0,0,01/01/2010
ESPERANCA NOVA,410752,2010,380,0,0,01/01/2010
ENTRE RIOS DO OESTE,410753,2010,514,0,0,01/01/2010
ESPIGAO ALTO DO IGUACU,410754,2010,665,0,0,01/01/2010
FAROL,410755,2010,449,0,0,01/01/2010
FAXINAL,410760,2010,2270,0,0,01/01/2010
FAZENDA RIO GRANDE,410765,2010,5051,0,0,01/01/2010
FENIX,410770,2010,740,0,0,01/01/2010
FERNANDES PINHEIRO,410773,2010,596,0,0,01/01/2010
FIGUEIRA,410775,2010,1217,11,90.3861955628595,01/01/2010
FLORAI,410780,2010,922,0,0,01/01/2010
FLOR DA SERRA DO SUL,410785,2010,583,0,0,01/01/2010
FLORESTA,410790,2010,776,0,0,01/01/2010
FLORESTOPOLIS,410800,2010,1298,3,23.1124807395994,01/01/2010
FLORIDA,410810,2010,370,0,0,01/01/2010
FORMOSA DO OESTE,410820,2010,1366,0,0,01/01/2010
FOZ DO IGUACU,410830,2010,20610,239,115.963124696749,01/01/2010
FRANCISCO ALVES,410832,2010,1129,0,0,01/01/2010
FRANCISCO BELTRAO,410840,2010,8375,0,0,01/01/2010
FOZ DO JORDAO,410845,2010,539,0,0,01/01/2010
GENERAL CARNEIRO,410850,2010,1248,8,64.1025641025641,01/01/2010
GODOY MOREIRA,410855,2010,580,0,0,01/01/2010
GOIOERE,410860,2010,3959,0,0,01/01/2010
GOIOXIM,410865,2010,686,0,0,01/01/2010
GRANDES RIOS,410870,2010,899,0,0,01/01/2010
GUAIRA,410880,2010,3759,0,0,01/01/2010
GUAIRACA,410890,2010,790,0,0,01/01/2010
GUAMIRANGA,410895,2010,835,0,0,01/01/2010
GUAPIRAMA,410900,2010,485,0,0,01/01/2010
GUAPOREMA,410910,2010,317,0,0,01/01/2010
GUARACI,410920,2010,793,0,0,01/01/2010
GUARANIACU,410930,2010,2014,0,0,01/01/2010
GUARAPUAVA,410940,2010,16136,1,0.619732275656916,01/01/2010
GUARAQUECABA,410950,2010,930,0,0,01/01/2010
GUARATUBA,410960,2010,3741,0,0,01/01/2010
HONORIO SERPA,410965,2010,582,0,0,01/01/2010
IBAITI,410970,2010,3639,10,27.4800769442154,01/01/2010
IBEMA,410975,2010,701,0,0,01/01/2010
IBIPORA,410980,2010,5978,6,10.0368016058883,01/01/2010
ICARAIMA,410990,2010,1434,0,0,01/01/2010
IGUARACU,411000,2010,506,0,0,01/01/2010
IGUATU,411005,2010,350,0,0,01/01/2010
IMBAU,411007,2010,1215,0,0,01/01/2010
IMBITUVA,411010,2010,2653,0,0,01/01/2010
INACIO MARTINS,411020,2010,986,0,0,01/01/2010
INAJA,411030,2010,421,0,0,01/01/2010
INDIANOPOLIS,411040,2010,690,9,130.434782608696,01/01/2010
IPIRANGA,411050,2010,1359,0,0,01/01/2010
IPORA,411060,2010,2458,0,0,01/01/2010
IRACEMA DO OESTE,411065,2010,426,0,0,01/01/2010
IRATI,411070,2010,6608,0,0,01/01/2010
IRETAMA,411080,2010,1530,0,0,01/01/2010
ITAGUAJE,411090,2010,605,0,0,01/01/2010
ITAIPULANDIA,411095,2010,1026,0,0,01/01/2010
ITAMBARACA,411100,2010,981,0,0,01/01/2010
ITAMBE,411110,2010,842,0,0,01/01/2010
ITAPEJARA D'OESTE,411120,2010,1454,0,0,01/01/2010
ITAPERUCU,411125,2010,1641,0,0,01/01/2010
ITAUNA DO SUL,411130,2010,560,0,0,01/01/2010
IVAI,411140,2010,1405,0,0,01/01/2010
IVAIPORA,411150,2010,4805,0,0,01/01/2010
IVATE,411155,2010,951,0,0,01/01/2010
IVATUBA,411160,2010,389,0,0,01/01/2010
JABOTI,411170,2010,678,5,73.7463126843658,01/01/2010
JACAREZINHO,411180,2010,4880,13,26.6393442622951,01/01/2010
JAGUAPITA,411190,2010,1602,6,37.4531835205993,01/01/2010
JAGUARIAIVA,411200,2010,2948,0,0,01/01/2010
JANDAIA DO SUL,411210,2010,3139,0,0,01/01/2010
JANIOPOLIS,411220,2010,1075,0,0,01/01/2010
JAPIRA,411230,2010,693,1,14.4300144300144,01/01/2010
JAPURA,411240,2010,1322,0,0,01/01/2010
JARDIM ALEGRE,411250,2010,1937,0,0,01/01/2010
JARDIM OLINDA,411260,2010,172,0,0,01/01/2010
JATAIZINHO,411270,2010,1420,4,28.169014084507,01/01/2010
JESUITAS,411275,2010,1640,0,0,01/01/2010
JOAQUIM TAVORA,411280,2010,1537,3,19.5185426154847,01/01/2010
JUNDIAI DO SUL,411290,2010,516,2,38.7596899224806,01/01/2010
JURANDA,411295,2010,941,0,0,01/01/2010
JUSSARA,411300,2010,884,9,101.809954751131,01/01/2010
KALORE,411310,2010,872,0,0,01/01/2010
LAPA,411320,2010,5029,0,0,01/01/2010
LARANJAL,411325,2010,547,0,0,01/01/2010
LARANJEIRAS DO SUL,411330,2010,3541,0,0,01/01/2010
LEOPOLIS,411340,2010,622,0,0,01/01/2010
LIDIANOPOLIS,411342,2010,719,0,0,01/01/2010
LINDOESTE,411345,2010,769,0,0,01/01/2010
LOANDA,411350,2010,2705,0,0,01/01/2010
LOBATO,411360,2010,515,0,0,01/01/2010
LONDRINA,411370,2010,65355,352,53.8596893887231,01/01/2010
LUIZIANA,411373,2010,830,0,0,01/01/2010
LUNARDELLI,411375,2010,832,0,0,01/01/2010
LUPIONOPOLIS,411380,2010,720,3,41.6666666666667,01/01/2010
MALLET,411390,2010,1681,0,0,01/01/2010
MAMBORE,411400,2010,1752,0,0,01/01/2010
MANDAGUACU,411410,2010,2417,0,0,01/01/2010
MANDAGUARI,411420,2010,4618,0,0,01/01/2010
MANDIRITUBA,411430,2010,2393,0,0,01/01/2010
MANFRINOPOLIS,411435,2010,379,0,0,01/01/2010
MANGUEIRINHA,411440,2010,1693,0,0,01/01/2010
MANOEL RIBAS,411450,2010,1606,0,0,01/01/2010
MARECHAL CANDIDO RONDON,411460,2010,6073,0,0,01/01/2010
MARIA HELENA,411470,2010,914,0,0,01/01/2010
MARIALVA,411480,2010,4187,0,0,01/01/2010
MARILANDIA DO SUL,411490,2010,1152,0,0,01/01/2010
MARILENA,411500,2010,994,0,0,01/01/2010
MARILUZ,411510,2010,1373,0,0,01/01/2010
MARINGA,411520,2010,43750,75,17.1428571428571,01/01/2010
MARIOPOLIS,411530,2010,826,2,24.2130750605327,01/01/2010
MARIPA,411535,2010,961,0,0,01/01/2010
MARMELEIRO,411540,2010,1812,0,0,01/01/2010
MARQUINHO,411545,2010,531,1,18.8323917137476,01/01/2010
MARUMBI,411550,2010,675,0,0,01/01/2010
MATELANDIA,411560,2010,1838,0,0,01/01/2010
MATINHOS,411570,2010,3599,0,0,01/01/2010
MATO RICO,411573,2010,461,0,0,01/01/2010
MAUA DA SERRA,411575,2010,724,0,0,01/01/2010
MEDIANEIRA,411580,2010,4393,0,0,01/01/2010
MERCEDES,411585,2010,744,0,0,01/01/2010
MIRADOR,411590,2010,308,0,0,01/01/2010
MIRASELVA,411600,2010,332,0,0,01/01/2010
MISSAL,411605,2010,1637,0,0,01/01/2010
MOREIRA SALES,411610,2010,1954,0,0,01/01/2010
MORRETES,411620,2010,2082,0,0,01/01/2010
MUNHOZ DE MELO,411630,2010,626,0,0,01/01/2010
NOSSA SENHORA DAS GRACAS,411640,2010,515,0,0,01/01/2010
NOVA ALIANCA DO IVAI,411650,2010,156,0,0,01/01/2010
NOVA AMERICA DA COLINA,411660,2010,443,0,0,01/01/2010
NOVA AURORA,411670,2010,1729,0,0,01/01/2010
NOVA CANTU,411680,2010,985,0,0,01/01/2010
NOVA ESPERANCA,411690,2010,3699,1,2.70343336036767,01/01/2010
NOVA ESPERANCA DO SUDOESTE,411695,2010,649,0,0,01/01/2010
NOVA FATIMA,411700,2010,1146,0,0,01/01/2010
NOVA LARANJEIRAS,411705,2010,1249,0,0,01/01/2010
NOVA LONDRINA,411710,2010,1648,0,0,01/01/2010
NOVA OLIMPIA,411720,2010,903,0,0,01/01/2010
NOVA SANTA BARBARA,411721,2010,623,0,0,01/01/2010
NOVA SANTA ROSA,411722,2010,1220,0,0,01/01/2010
NOVA PRATA DO IGUACU,411725,2010,1381,0,0,01/01/2010
NOVA TEBAS,411727,2010,1070,0,0,01/01/2010
NOVO ITACOLOMI,411729,2010,457,0,0,01/01/2010
ORTIGUEIRA,411730,2010,2893,0,0,01/01/2010
OURIZONA,411740,2010,533,0,0,01/01/2010
OURO VERDE DO OESTE,411745,2010,744,0,0,01/01/2010
PAICANDU,411750,2010,3691,0,0,01/01/2010
PALMAS,411760,2010,3291,0,0,01/01/2010
PALMEIRA,411770,2010,3481,0,0,01/01/2010
PALMITAL,411780,2010,1707,1,5.85823081429408,01/01/2010
PALOTINA,411790,2010,3560,0,0,01/01/2010
PARAISO DO NORTE,411800,2010,1432,0,0,01/01/2010
PARANACITY,411810,2010,1165,0,0,01/01/2010
PARANAGUA,411820,2010,12705,0,0,01/01/2010
PARANAPOEMA,411830,2010,282,0,0,01/01/2010
PARANAVAI,411840,2010,11146,0,0,01/01/2010
PATO BRAGADO,411845,2010,701,0,0,01/01/2010
PATO BRANCO,411850,2010,7395,168,227.180527383367,01/01/2010
PAULA FREITAS,411860,2010,727,11,151.30674002751,01/01/2010
PAULO FRONTIN,411870,2010,898,7,77.9510022271715,01/01/2010
PEABIRU,411880,2010,1808,0,0,01/01/2010
PEROBAL,411885,2010,816,0,0,01/01/2010
PEROLA,411890,2010,1692,0,0,01/01/2010
PEROLA D'OESTE,411900,2010,1020,0,0,01/01/2010
PIEN,411910,2010,996,0,0,01/01/2010
PINHAIS,411915,2010,9884,0,0,01/01/2010
PINHALAO,411920,2010,854,1,11.7096018735363,01/01/2010
PINHAL DE SAO BENTO,411925,2010,308,0,0,01/01/2010
PINHAO,411930,2010,2562,4,15.6128024980484,01/01/2010
PIRAI DO SUL,411940,2010,2786,0,0,01/01/2010
PIRAQUARA,411950,2010,6113,0,0,01/01/2010
PITANGA,411960,2010,3698,23,62.1957815035154,01/01/2010
PITANGUEIRAS,411965,2010,345,0,0,01/01/2010
PLANALTINA DO PARANA,411970,2010,588,0,0,01/01/2010
PLANALTO,411980,2010,2122,0,0,01/01/2010
PONTA GROSSA,411990,2010,32717,0,0,01/01/2010
PONTAL DO PARANA,411995,2010,2787,0,0,01/01/2010
PORECATU,412000,2010,2095,3,14.3198090692124,01/01/2010
PORTO AMAZONAS,412010,2010,494,0,0,01/01/2010
PORTO BARREIRO,412015,2010,418,0,0,01/01/2010
PORTO RICO,412020,2010,302,0,0,01/01/2010
PORTO VITORIA,412030,2010,520,7,134.615384615385,01/01/2010
PRADO FERREIRA,412033,2010,467,0,0,01/01/2010
PRANCHITA,412035,2010,839,0,0,01/01/2010
PRESIDENTE CASTELO BRANCO,412040,2010,525,0,0,01/01/2010
PRIMEIRO DE MAIO,412050,2010,1720,2,11.6279069767442,01/01/2010
PRUDENTOPOLIS,412060,2010,5836,0,0,01/01/2010
QUARTO CENTENARIO,412065,2010,633,0,0,01/01/2010
QUATIGUA,412070,2010,1049,3,28.5986653956149,01/01/2010
QUATRO BARRAS,412080,2010,1675,0,0,01/01/2010
QUATRO PONTES,412085,2010,623,0,0,01/01/2010
QUEDAS DO IGUACU,412090,2010,3187,0,0,01/01/2010
QUERENCIA DO NORTE,412100,2010,1387,0,0,01/01/2010
QUINTA DO SOL,412110,2010,725,0,0,01/01/2010
QUITANDINHA,412120,2010,2098,0,0,01/01/2010
RAMILANDIA,412125,2010,482,0,0,01/01/2010
RANCHO ALEGRE,412130,2010,699,0,0,01/01/2010
RANCHO ALEGRE D'OESTE,412135,2010,367,0,0,01/01/2010
REALEZA,412140,2010,2230,0,0,01/01/2010
REBOUCAS,412150,2010,1692,0,0,01/01/2010
RENASCENCA,412160,2010,810,0,0,01/01/2010
RESERVA,412170,2010,2733,0,0,01/01/2010
RESERVA DO IGUACU,412175,2010,523,0,0,01/01/2010
RIBEIRAO CLARO,412180,2010,1644,4,24.330900243309,01/01/2010
RIBEIRAO DO PINHAL,412190,2010,2064,0,0,01/01/2010
RIO AZUL,412200,2010,1560,0,0,01/01/2010
RIO BOM,412210,2010,607,0,0,01/01/2010
RIO BONITO DO IGUACU,412215,2010,1232,0,0,01/01/2010
RIO BRANCO DO IVAI,412217,2010,429,0,0,01/01/2010
RIO BRANCO DO SUL,412220,2010,2513,1,3.97930760047752,01/01/2010
RIO NEGRO,412230,2010,3448,0,0,01/01/2010
ROLANDIA,412240,2010,7246,6,8.28043058239028,01/01/2010
RONCADOR,412250,2010,1524,0,0,01/01/2010
RONDON,412260,2010,1126,38,337.477797513322,01/01/2010
ROSARIO DO IVAI,412265,2010,910,0,0,01/01/2010
SABAUDIA,412270,2010,776,0,0,01/01/2010
SALGADO FILHO,412280,2010,608,0,0,01/01/2010
SALTO DO ITARARE,412290,2010,842,0,0,01/01/2010
SALTO DO LONTRA,412300,2010,1652,0,0,01/01/2010
SANTA AMELIA,412310,2010,562,0,0,01/01/2010
SANTA CECILIA DO PAVAO,412320,2010,571,0,0,01/01/2010
SANTA CRUZ DE MONTE CASTELO,412330,2010,1217,0,0,01/01/2010
SANTA FE,412340,2010,1441,0,0,01/01/2010
SANTA HELENA,412350,2010,3127,0,0,01/01/2010
SANTA INES,412360,2010,259,0,0,01/01/2010
SANTA ISABEL DO IVAI,412370,2010,1480,0,0,01/01/2010
SANTA IZABEL DO OESTE,412380,2010,1722,0,0,01/01/2010
SANTA LUCIA,412382,2010,651,0,0,01/01/2010
SANTA MARIA DO OESTE,412385,2010,1293,0,0,01/01/2010
SANTA MARIANA,412390,2010,2162,0,0,01/01/2010
SANTA MONICA,412395,2010,434,0,0,01/01/2010
SANTANA DO ITARARE,412400,2010,738,2,27.10027100271,01/01/2010
SANTA TEREZA DO OESTE,412402,2010,1016,0,0,01/01/2010
SANTA TEREZINHA DE ITAIPU,412405,2010,2159,0,0,01/01/2010
SANTO ANTONIO DA PLATINA,412410,2010,5488,3,5.466472303207,01/01/2010
SANTO ANTONIO DO CAIUA,412420,2010,409,0,0,01/01/2010
SANTO ANTONIO DO PARAISO,412430,2010,346,0,0,01/01/2010
SANTO ANTONIO DO SUDOESTE,412440,2010,2385,0,0,01/01/2010
SANTO INACIO,412450,2010,701,0,0,01/01/2010
SAO CARLOS DO IVAI,412460,2010,785,0,0,01/01/2010
SAO JERONIMO DA SERRA,412470,2010,1497,0,0,01/01/2010
SAO JOAO,412480,2010,1578,0,0,01/01/2010
SAO JOAO DO CAIUA,412490,2010,790,0,0,01/01/2010
SAO JOAO DO IVAI,412500,2010,1881,0,0,01/01/2010
SAO JOAO DO TRIUNFO,412510,2010,1331,0,0,01/01/2010
SAO JORGE D'OESTE,412520,2010,1284,0,0,01/01/2010
SAO JORGE DO IVAI,412530,2010,925,0,0,01/01/2010
SAO JORGE DO PATROCINIO,412535,2010,1027,2,19.4741966893866,01/01/2010
SAO JOSE DA BOA VISTA,412540,2010,961,0,0,01/01/2010
SAO JOSE DAS PALMEIRAS,412545,2010,541,0,0,01/01/2010
SAO JOSE DOS PINHAIS,412550,2010,19798,0,0,01/01/2010
SAO MANOEL DO PARANA,412555,2010,328,0,0,01/01/2010
SAO MATEUS DO SUL,412560,2010,4119,5,12.1388686574411,01/01/2010
SAO MIGUEL DO IGUACU,412570,2010,2969,0,0,01/01/2010
SAO PEDRO DO IGUACU,412575,2010,987,0,0,01/01/2010
SAO PEDRO DO IVAI,412580,2010,1249,0,0,01/01/2010
SAO PEDRO DO PARANA,412590,2010,372,0,0,01/01/2010
SAO SEBASTIAO DA AMOREIRA,412600,2010,1172,0,0,01/01/2010
SAO TOME,412610,2010,649,14,215.716486902928,01/01/2010
SAPOPEMA,412620,2010,836,0,0,01/01/2010
SARANDI,412625,2010,8147,0,0,01/01/2010
SAUDADE DO IGUACU,412627,2010,571,0,0,01/01/2010
SENGES,412630,2010,1662,0,0,01/01/2010
SERRANOPOLIS DO IGUACU,412635,2010,788,0,0,01/01/2010
SERTANEJA,412640,2010,971,0,0,01/01/2010
SERTANOPOLIS,412650,2010,2178,2,9.18273645546373,01/01/2010
SIQUEIRA CAMPOS,412660,2010,2435,0,0,01/01/2010
SULINA,412665,2010,574,0,0,01/01/2010
TAMARANA,412667,2010,1330,2,15.0375939849624,01/01/2010
TAMBOARA,412670,2010,685,0,0,01/01/2010
TAPEJARA,412680,2010,1648,0,0,01/01/2010
TAPIRA,412690,2010,1025,0,0,01/01/2010
TEIXEIRA SOARES,412700,2010,1070,0,0,01/01/2010
TELEMACO BORBA,412710,2010,7173,0,0,01/01/2010
TERRA BOA,412720,2010,2227,0,0,01/01/2010
TERRA RICA,412730,2010,2119,0,0,01/01/2010
TERRA ROXA,412740,2010,2433,0,0,01/01/2010
TIBAGI,412750,2010,2010,0,0,01/01/2010
TIJUCAS DO SUL,412760,2010,1723,0,0,01/01/2010
TOLEDO,412770,2010,12142,0,0,01/01/2010
TOMAZINA,412780,2010,1353,5,36.9549150036955,01/01/2010
TRES BARRAS DO PARANA,412785,2010,1436,0,0,01/01/2010
TUNAS DO PARANA,412788,2010,415,0,0,01/01/2010
TUNEIRAS DO OESTE,412790,2010,1137,0,0,01/01/2010
TUPASSI,412795,2010,1275,0,0,01/01/2010
TURVO,412796,2010,1457,0,0,01/01/2010
UBIRATA,412800,2010,3078,0,0,01/01/2010
UMUARAMA,412810,2010,12755,8,6.27205017640141,01/01/2010
UNIAO DA VITORIA,412820,2010,6043,27,44.6797948039054,01/01/2010
UNIFLOR,412830,2010,341,0,0,01/01/2010
URAI,412840,2010,1953,0,0,01/01/2010
WENCESLAU BRAZ,412850,2010,2597,2,7.70119368502118,01/01/2010
VENTANIA,412853,2010,979,0,0,01/01/2010
VERA CRUZ DO OESTE,412855,2010,1349,0,0,01/01/2010
VERE,412860,2010,1149,0,0,01/01/2010
ALTO PARAISO,412862,2010,423,0,0,01/01/2010
DOUTOR ULYSSES,412863,2010,597,0,0,01/01/2010
VIRMOND,412865,2010,492,0,0,01/01/2010
VITORINO,412870,2010,897,0,0,01/01/2010
XAMBRE,412880,2010,1084,0,0,01/01/2010
ABATIA,410010,2011,1147,0,0,01/01/2011
ADRIANOPOLIS,410020,2011,946,0,0,01/01/2011
AGUDOS DO SUL,410030,2011,1022,0,0,01/01/2011
ALMIRANTE TAMANDARE,410040,2011,7779,1,1.28551227664224,01/01/2011
ALTAMIRA DO PARANA,410045,2011,552,0,0,01/01/2011
ALTONIA,410050,2011,3289,0,0,01/01/2011
ALTO PARANA,410060,2011,1792,0,0,01/01/2011
ALTO PIQUIRI,410070,2011,1504,0,0,01/01/2011
ALVORADA DO SUL,410080,2011,1507,2,13.271400132714,01/01/2011
AMAPORA,410090,2011,521,0,0,01/01/2011
AMPERE,410100,2011,2078,0,0,01/01/2011
ANAHY,410105,2011,462,0,0,01/01/2011
ANDIRA,410110,2011,3135,0,0,01/01/2011
ANGULO,410115,2011,395,0,0,01/01/2011
ANTONINA,410120,2011,2755,0,0,01/01/2011
ANTONIO OLINTO,410130,2011,1058,1,9.45179584120983,01/01/2011
APUCARANA,410140,2011,15852,0,0,01/01/2011
ARAPONGAS,410150,2011,13044,0,0,01/01/2011
ARAPOTI,410160,2011,2580,0,0,01/01/2011
ARAPUA,410165,2011,616,0,0,01/01/2011
ARARUNA,410170,2011,1811,0,0,01/01/2011
ARAUCARIA,410180,2011,9414,0,0,01/01/2011
ARIRANHA DO IVAI,410185,2011,420,0,0,01/01/2011
ASSAI,410190,2011,2578,2,7.75795190069822,01/01/2011
ASSIS CHATEAUBRIAND,410200,2011,5231,0,0,01/01/2011
ASTORGA,410210,2011,3754,0,0,01/01/2011
ATALAIA,410220,2011,642,0,0,01/01/2011
BALSA NOVA,410230,2011,1186,0,0,01/01/2011
BANDEIRANTES,410240,2011,4535,0,0,01/01/2011
BARBOSA FERRAZ,410250,2011,2119,0,0,01/01/2011
BARRACAO,410260,2011,1208,0,0,01/01/2011
BARRA DO JACARE,410270,2011,479,5,104.384133611691,01/01/2011
BELA VISTA DA CAROBA,410275,2011,600,0,0,01/01/2011
BELA VISTA DO PARAISO,410280,2011,2499,0,0,01/01/2011
BITURUNA,410290,2011,1525,30,196.72131147541,01/01/2011
BOA ESPERANCA,410300,2011,693,0,0,01/01/2011
BOA ESPERANCA DO IGUACU,410302,2011,311,0,0,01/01/2011
BOA VENTURA DE SAO ROQUE,410304,2011,617,2,32.4149108589951,01/01/2011
BOA VISTA DA APARECIDA,410305,2011,1190,0,0,01/01/2011
BOCAIUVA DO SUL,410310,2011,1217,0,0,01/01/2011
BOM JESUS DO SUL,410315,2011,638,0,0,01/01/2011
BOM SUCESSO,410320,2011,899,0,0,01/01/2011
BOM SUCESSO DO SUL,410322,2011,505,0,0,01/01/2011
BORRAZOPOLIS,410330,2011,1378,0,0,01/01/2011
BRAGANEY,410335,2011,799,0,0,01/01/2011
BRASILANDIA DO SUL,410337,2011,507,0,0,01/01/2011
CAFEARA,410340,2011,374,0,0,01/01/2011
CAFELANDIA,410345,2011,1316,0,0,01/01/2011
CAFEZAL DO SUL,410347,2011,725,0,0,01/01/2011
CALIFORNIA,410350,2011,1174,0,0,01/01/2011
CAMBARA,410360,2011,3592,1,2.78396436525612,01/01/2011
CAMBE,410370,2011,12039,95,78.9102084890772,01/01/2011
CAMBIRA,410380,2011,1047,0,0,01/01/2011
CAMPINA DA LAGOA,410390,2011,2237,1,4.47027268663388,01/01/2011
CAMPINA DO SIMAO,410395,2011,394,2,50.761421319797,01/01/2011
CAMPINA GRANDE DO SUL,410400,2011,3138,0,0,01/01/2011
CAMPO BONITO,410405,2011,538,0,0,01/01/2011
CAMPO DO TENENTE,410410,2011,663,0,0,01/01/2011
CAMPO LARGO,410420,2011,11216,0,0,01/01/2011
CAMPO MAGRO,410425,2011,2143,0,0,01/01/2011
CAMPO MOURAO,410430,2011,10355,159,153.549010140029,01/01/2011
CANDIDO DE ABREU,410440,2011,2083,0,0,01/01/2011
CANDOI,410442,2011,1383,10,72.3065798987708,01/01/2011
CANTAGALO,410445,2011,1369,7,51.1322132943755,01/01/2011
CAPANEMA,410450,2011,2798,0,0,01/01/2011
CAPITAO LEONIDAS MARQUES,410460,2011,1990,0,0,01/01/2011
CARAMBEI,410465,2011,1489,0,0,01/01/2011
CARLOPOLIS,410470,2011,1936,2,10.3305785123967,01/01/2011
CASCAVEL,410480,2011,27673,0,0,01/01/2011
CASTRO,410490,2011,6718,0,0,01/01/2011
CATANDUVAS,410500,2011,1188,0,0,01/01/2011
CENTENARIO DO SUL,410510,2011,1631,1,6.13120784794605,01/01/2011
CERRO AZUL,410520,2011,1924,0,0,01/01/2011
CEU AZUL,410530,2011,1545,0,0,01/01/2011
CHOPINZINHO,410540,2011,2535,22,86.7850098619329,01/01/2011
CIANORTE,410550,2011,8611,9,10.4517477644873,01/01/2011
CIDADE GAUCHA,410560,2011,1297,0,0,01/01/2011
CLEVELANDIA,410570,2011,2241,0,0,01/01/2011
COLOMBO,410580,2011,16655,0,0,01/01/2011
COLORADO,410590,2011,3158,0,0,01/01/2011
CONGONHINHAS,410600,2011,1238,0,0,01/01/2011
CONSELHEIRO MAIRINCK,410610,2011,543,0,0,01/01/2011
CONTENDA,410620,2011,1799,0,0,01/01/2011
CORBELIA,410630,2011,2101,0,0,01/01/2011
CORNELIO PROCOPIO,410640,2011,7156,0,0,01/01/2011
CORONEL DOMINGOS SOARES,410645,2011,610,0,0,01/01/2011
CORONEL VIVIDA,410650,2011,3101,0,0,01/01/2011
CORUMBATAI DO SUL,410655,2011,635,0,0,01/01/2011
CRUZEIRO DO IGUACU,410657,2011,551,0,0,01/01/2011
CRUZEIRO DO OESTE,410660,2011,3124,0,0,01/01/2011
CRUZEIRO DO SUL,410670,2011,600,0,0,01/01/2011
CRUZ MACHADO,410680,2011,2009,1,4.97760079641613,01/01/2011
CRUZMALTINA,410685,2011,473,0,0,01/01/2011
CURITIBA,410690,2011,210832,34,1.6126584199742,01/01/2011
CURIUVA,410700,2011,1741,0,0,01/01/2011
DIAMANTE DO NORTE,410710,2011,890,0,0,01/01/2011
DIAMANTE DO SUL,410712,2011,402,0,0,01/01/2011
DIAMANTE D'OESTE,410715,2011,686,0,0,01/01/2011
DOIS VIZINHOS,410720,2011,3924,0,0,01/01/2011
DOURADINA,410725,2011,1011,0,0,01/01/2011
DOUTOR CAMARGO,410730,2011,1086,0,0,01/01/2011
ENEAS MARQUES,410740,2011,816,0,0,01/01/2011
ENGENHEIRO BELTRAO,410750,2011,1912,3,15.6903765690377,01/01/2011
ESPERANCA NOVA,410752,2011,382,0,0,01/01/2011
ENTRE RIOS DO OESTE,410753,2011,543,0,0,01/01/2011
ESPIGAO ALTO DO IGUACU,410754,2011,677,0,0,01/01/2011
FAROL,410755,2011,458,0,0,01/01/2011
FAXINAL,410760,2011,2327,0,0,01/01/2011
FAZENDA RIO GRANDE,410765,2011,5443,0,0,01/01/2011
FENIX,410770,2011,758,1,13.1926121372032,01/01/2011
FERNANDES PINHEIRO,410773,2011,611,0,0,01/01/2011
FIGUEIRA,410775,2011,1242,3,24.1545893719807,01/01/2011
FLORAI,410780,2011,947,0,0,01/01/2011
FLOR DA SERRA DO SUL,410785,2011,603,0,0,01/01/2011
FLORESTA,410790,2011,805,0,0,01/01/2011
FLORESTOPOLIS,410800,2011,1323,1,7.55857898715042,01/01/2011
FLORIDA,410810,2011,379,0,0,01/01/2011
FORMOSA DO OESTE,410820,2011,1389,0,0,01/01/2011
FOZ DO IGUACU,410830,2011,21886,142,64.8816595083615,01/01/2011
FRANCISCO ALVES,410832,2011,1144,0,0,01/01/2011
FRANCISCO BELTRAO,410840,2011,8799,0,0,01/01/2011
FOZ DO JORDAO,410845,2011,552,1,18.1159420289855,01/01/2011
GENERAL CARNEIRO,410850,2011,1286,8,62.2083981337481,01/01/2011
GODOY MOREIRA,410855,2011,586,0,0,01/01/2011
GOIOERE,410860,2011,4088,1,2.44618395303327,01/01/2011
GOIOXIM,410865,2011,715,0,0,01/01/2011
GRANDES RIOS,410870,2011,913,0,0,01/01/2011
GUAIRA,410880,2011,3890,0,0,01/01/2011
GUAIRACA,410890,2011,817,0,0,01/01/2011
GUAMIRANGA,410895,2011,859,0,0,01/01/2011
GUAPIRAMA,410900,2011,500,0,0,01/01/2011
GUAPOREMA,410910,2011,328,0,0,01/01/2011
GUARACI,410920,2011,808,1,12.3762376237624,01/01/2011
GUARANIACU,410930,2011,2046,0,0,01/01/2011
GUARAPUAVA,410940,2011,16826,40,23.7727326756211,01/01/2011
GUARAQUECABA,410950,2011,944,0,0,01/01/2011
GUARATUBA,410960,2011,3984,1,2.51004016064257,01/01/2011
HONORIO SERPA,410965,2011,607,5,82.3723228995058,01/01/2011
IBAITI,410970,2011,3746,2,5.33902829684997,01/01/2011
IBEMA,410975,2011,726,0,0,01/01/2011
IBIPORA,410980,2011,6267,6,9.57395883197702,01/01/2011
ICARAIMA,410990,2011,1452,0,0,01/01/2011
IGUARACU,411000,2011,522,0,0,01/01/2011
IGUATU,411005,2011,355,0,0,01/01/2011
IMBAU,411007,2011,1252,0,0,01/01/2011
IMBITUVA,411010,2011,2759,0,0,01/01/2011
INACIO MARTINS,411020,2011,1012,0,0,01/01/2011
INAJA,411030,2011,430,0,0,01/01/2011
INDIANOPOLIS,411040,2011,712,11,154.494382022472,01/01/2011
IPIRANGA,411050,2011,1401,0,0,01/01/2011
IPORA,411060,2011,2493,0,0,01/01/2011
IRACEMA DO OESTE,411065,2011,424,0,0,01/01/2011
IRATI,411070,2011,6837,0,0,01/01/2011
IRETAMA,411080,2011,1561,5,32.0307495195388,01/01/2011
ITAGUAJE,411090,2011,616,0,0,01/01/2011
ITAIPULANDIA,411095,2011,1099,2,18.1983621474067,01/01/2011
ITAMBARACA,411100,2011,1016,0,0,01/01/2011
ITAMBE,411110,2011,862,0,0,01/01/2011
ITAPEJARA D'OESTE,411120,2011,1514,0,0,01/01/2011
ITAPERUCU,411125,2011,1717,0,0,01/01/2011
ITAUNA DO SUL,411130,2011,558,0,0,01/01/2011
IVAI,411140,2011,1434,0,0,01/01/2011
IVAIPORA,411150,2011,4928,0,0,01/01/2011
IVATE,411155,2011,976,0,0,01/01/2011
IVATUBA,411160,2011,408,0,0,01/01/2011
JABOTI,411170,2011,700,6,85.7142857142857,01/01/2011
JACAREZINHO,411180,2011,5013,6,11.968880909635,01/01/2011
JAGUAPITA,411190,2011,1652,2,12.1065375302663,01/01/2011
JAGUARIAIVA,411200,2011,3049,0,0,01/01/2011
JANDAIA DO SUL,411210,2011,3233,0,0,01/01/2011
JANIOPOLIS,411220,2011,1088,0,0,01/01/2011
JAPIRA,411230,2011,712,1,14.0449438202247,01/01/2011
JAPURA,411240,2011,1370,0,0,01/01/2011
JARDIM ALEGRE,411250,2011,1982,0,0,01/01/2011
JARDIM OLINDA,411260,2011,176,0,0,01/01/2011
JATAIZINHO,411270,2011,1466,3,20.4638472032742,01/01/2011
JESUITAS,411275,2011,1658,0,0,01/01/2011
JOAQUIM TAVORA,411280,2011,1570,3,19.1082802547771,01/01/2011
JUNDIAI DO SUL,411290,2011,526,1,19.0114068441065,01/01/2011
JURANDA,411295,2011,974,0,0,01/01/2011
JUSSARA,411300,2011,903,9,99.6677740863787,01/01/2011
KALORE,411310,2011,883,0,0,01/01/2011
LAPA,411320,2011,5218,0,0,01/01/2011
LARANJAL,411325,2011,560,0,0,01/01/2011
LARANJEIRAS DO SUL,411330,2011,3681,1,2.71665308340125,01/01/2011
LEOPOLIS,411340,2011,648,0,0,01/01/2011
LIDIANOPOLIS,411342,2011,729,0,0,01/01/2011
LINDOESTE,411345,2011,792,0,0,01/01/2011
LOANDA,411350,2011,2779,0,0,01/01/2011
LOBATO,411360,2011,537,0,0,01/01/2011
LONDRINA,411370,2011,68523,226,32.9816266071246,01/01/2011
LUIZIANA,411373,2011,850,0,0,01/01/2011
LUNARDELLI,411375,2011,844,0,0,01/01/2011
LUPIONOPOLIS,411380,2011,738,0,0,01/01/2011
MALLET,411390,2011,1725,0,0,01/01/2011
MAMBORE,411400,2011,1805,0,0,01/01/2011
MANDAGUACU,411410,2011,2519,0,0,01/01/2011
MANDAGUARI,411420,2011,4783,1,2.09073803052478,01/01/2011
MANDIRITUBA,411430,2011,2502,0,0,01/01/2011
MANFRINOPOLIS,411435,2011,389,0,0,01/01/2011
MANGUEIRINHA,411440,2011,1757,0,0,01/01/2011
MANOEL RIBAS,411450,2011,1645,0,0,01/01/2011
MARECHAL CANDIDO RONDON,411460,2011,6328,0,0,01/01/2011
MARIA HELENA,411470,2011,924,0,0,01/01/2011
MARIALVA,411480,2011,4396,0,0,01/01/2011
MARILANDIA DO SUL,411490,2011,1180,0,0,01/01/2011
MARILENA,411500,2011,1022,0,0,01/01/2011
MARILUZ,411510,2011,1391,0,0,01/01/2011
MARINGA,411520,2011,46304,111,23.9720110573601,01/01/2011
MARIOPOLIS,411530,2011,858,0,0,01/01/2011
MARIPA,411535,2011,980,0,0,01/01/2011
MARMELEIRO,411540,2011,1878,0,0,01/01/2011
MARQUINHO,411545,2011,552,0,0,01/01/2011
MARUMBI,411550,2011,687,0,0,01/01/2011
MATELANDIA,411560,2011,1918,1,5.21376433785193,01/01/2011
MATINHOS,411570,2011,3877,0,0,01/01/2011
MATO RICO,411573,2011,472,0,0,01/01/2011
MAUA DA SERRA,411575,2011,765,0,0,01/01/2011
MEDIANEIRA,411580,2011,4625,16,34.5945945945946,01/01/2011
MERCEDES,411585,2011,767,0,0,01/01/2011
MIRADOR,411590,2011,311,0,0,01/01/2011
MIRASELVA,411600,2011,343,0,0,01/01/2011
MISSAL,411605,2011,1694,8,47.2255017709563,01/01/2011
MOREIRA SALES,411610,2011,2003,1,4.99251123315028,01/01/2011
MORRETES,411620,2011,2134,0,0,01/01/2011
MUNHOZ DE MELO,411630,2011,644,0,0,01/01/2011
NOSSA SENHORA DAS GRACAS,411640,2011,528,0,0,01/01/2011
NOVA ALIANCA DO IVAI,411650,2011,159,0,0,01/01/2011
NOVA AMERICA DA COLINA,411660,2011,453,0,0,01/01/2011
NOVA AURORA,411670,2011,1770,0,0,01/01/2011
NOVA CANTU,411680,2011,985,1,10.1522842639594,01/01/2011
NOVA ESPERANCA,411690,2011,3821,1,2.61711593823606,01/01/2011
NOVA ESPERANCA DO SUDOESTE,411695,2011,667,0,0,01/01/2011
NOVA FATIMA,411700,2011,1179,0,0,01/01/2011
NOVA LARANJEIRAS,411705,2011,1283,1,7.79423226812159,01/01/2011
NOVA LONDRINA,411710,2011,1693,0,0,01/01/2011
NOVA OLIMPIA,411720,2011,920,0,0,01/01/2011
NOVA SANTA BARBARA,411721,2011,645,0,0,01/01/2011
NOVA SANTA ROSA,411722,2011,1249,0,0,01/01/2011
NOVA PRATA DO IGUACU,411725,2011,1416,0,0,01/01/2011
NOVA TEBAS,411727,2011,1080,0,0,01/01/2011
NOVO ITACOLOMI,411729,2011,469,0,0,01/01/2011
ORTIGUEIRA,411730,2011,2934,0,0,01/01/2011
OURIZONA,411740,2011,546,0,0,01/01/2011
OURO VERDE DO OESTE,411745,2011,765,0,0,01/01/2011
PAICANDU,411750,2011,3880,0,0,01/01/2011
PALMAS,411760,2011,3445,0,0,01/01/2011
PALMEIRA,411770,2011,3586,0,0,01/01/2011
PALMITAL,411780,2011,1748,0,0,01/01/2011
PALOTINA,411790,2011,3729,0,0,01/01/2011
PARAISO DO NORTE,411800,2011,1477,0,0,01/01/2011
PARANACITY,411810,2011,1192,0,0,01/01/2011
PARANAGUA,411820,2011,13201,1,0.757518369820468,01/01/2011
PARANAPOEMA,411830,2011,291,0,0,01/01/2011
PARANAVAI,411840,2011,11515,1,0.868432479374729,01/01/2011
PATO BRAGADO,411845,2011,718,0,0,01/01/2011
PATO BRANCO,411850,2011,7836,127,162.072485962226,01/01/2011
PAULA FREITAS,411860,2011,741,8,107.962213225371,01/01/2011
PAULO FRONTIN,411870,2011,929,6,64.5855758880517,01/01/2011
PEABIRU,411880,2011,1845,1,5.42005420054201,01/01/2011
PEROBAL,411885,2011,832,0,0,01/01/2011
PEROLA,411890,2011,1732,0,0,01/01/2011
PEROLA D'OESTE,411900,2011,1052,0,0,01/01/2011
PIEN,411910,2011,1049,0,0,01/01/2011
PINHAIS,411915,2011,10439,2,1.91589232685123,01/01/2011
PINHALAO,411920,2011,878,0,0,01/01/2011
PINHAL DE SAO BENTO,411925,2011,318,0,0,01/01/2011
PINHAO,411930,2011,2685,3,11.1731843575419,01/01/2011
PIRAI DO SUL,411940,2011,2865,0,0,01/01/2011
PIRAQUARA,411950,2011,6498,0,0,01/01/2011
PITANGA,411960,2011,3782,45,118.984664198837,01/01/2011
PITANGUEIRAS,411965,2011,356,0,0,01/01/2011
PLANALTINA DO PARANA,411970,2011,601,0,0,01/01/2011
PLANALTO,411980,2011,2185,0,0,01/01/2011
PONTA GROSSA,411990,2011,34048,11,3.23073308270677,01/01/2011
PONTAL DO PARANA,411995,2011,3010,0,0,01/01/2011
PORECATU,412000,2011,2128,0,0,01/01/2011
PORTO AMAZONAS,412010,2011,514,0,0,01/01/2011
PORTO BARREIRO,412015,2011,430,0,0,01/01/2011
PORTO RICO,412020,2011,310,0,0,01/01/2011
PORTO VITORIA,412030,2011,534,7,131.086142322097,01/01/2011
PRADO FERREIRA,412033,2011,481,0,0,01/01/2011
PRANCHITA,412035,2011,863,0,0,01/01/2011
PRESIDENTE CASTELO BRANCO,412040,2011,547,0,0,01/01/2011
PRIMEIRO DE MAIO,412050,2011,1784,2,11.2107623318386,01/01/2011
PRUDENTOPOLIS,412060,2011,6019,12,19.9368665891344,01/01/2011
QUARTO CENTENARIO,412065,2011,645,3,46.5116279069768,01/01/2011
QUATIGUA,412070,2011,1083,1,9.23361034164358,01/01/2011
QUATRO BARRAS,412080,2011,1770,0,0,01/01/2011
QUATRO PONTES,412085,2011,640,0,0,01/01/2011
QUEDAS DO IGUACU,412090,2011,3340,0,0,01/01/2011
QUERENCIA DO NORTE,412100,2011,1431,0,0,01/01/2011
QUINTA DO SOL,412110,2011,739,2,27.063599458728,01/01/2011
QUITANDINHA,412120,2011,2158,0,0,01/01/2011
RAMILANDIA,412125,2011,497,0,0,01/01/2011
RANCHO ALEGRE,412130,2011,716,0,0,01/01/2011
RANCHO ALEGRE D'OESTE,412135,2011,380,0,0,01/01/2011
REALEZA,412140,2011,2309,0,0,01/01/2011
REBOUCAS,412150,2011,1742,0,0,01/01/2011
RENASCENCA,412160,2011,833,0,0,01/01/2011
RESERVA,412170,2011,2783,0,0,01/01/2011
RESERVA DO IGUACU,412175,2011,558,0,0,01/01/2011
RIBEIRAO CLARO,412180,2011,1670,5,29.940119760479,01/01/2011
RIBEIRAO DO PINHAL,412190,2011,2110,0,0,01/01/2011
RIO AZUL,412200,2011,1603,0,0,01/01/2011
RIO BOM,412210,2011,615,0,0,01/01/2011
RIO BONITO DO IGUACU,412215,2011,1314,0,0,01/01/2011
RIO BRANCO DO IVAI,412217,2011,445,0,0,01/01/2011
RIO BRANCO DO SUL,412220,2011,2587,0,0,01/01/2011
RIO NEGRO,412230,2011,3582,0,0,01/01/2011
ROLANDIA,412240,2011,7516,4,5.32197977647685,01/01/2011
RONCADOR,412250,2011,1546,2,12.9366106080207,01/01/2011
RONDON,412260,2011,1157,35,302.506482281763,01/01/2011
ROSARIO DO IVAI,412265,2011,908,1,11.0132158590308,01/01/2011
SABAUDIA,412270,2011,817,0,0,01/01/2011
SALGADO FILHO,412280,2011,621,0,0,01/01/2011
SALTO DO ITARARE,412290,2011,865,1,11.5606936416185,01/01/2011
SALTO DO LONTRA,412300,2011,1698,0,0,01/01/2011
SANTA AMELIA,412310,2011,577,0,0,01/01/2011
SANTA CECILIA DO PAVAO,412320,2011,580,0,0,01/01/2011
SANTA CRUZ DE MONTE CASTELO,412330,2011,1234,0,0,01/01/2011
SANTA FE,412340,2011,1503,0,0,01/01/2011
SANTA HELENA,412350,2011,3284,0,0,01/01/2011
SANTA INES,412360,2011,262,0,0,01/01/2011
SANTA ISABEL DO IVAI,412370,2011,1507,0,0,01/01/2011
SANTA IZABEL DO OESTE,412380,2011,1782,0,0,01/01/2011
SANTA LUCIA,412382,2011,665,0,0,01/01/2011
SANTA MARIA DO OESTE,412385,2011,1312,0,0,01/01/2011
SANTA MARIANA,412390,2011,2201,0,0,01/01/2011
SANTA MONICA,412395,2011,439,0,0,01/01/2011
SANTANA DO ITARARE,412400,2011,750,1,13.3333333333333,01/01/2011
SANTA TEREZA DO OESTE,412402,2011,1037,0,0,01/01/2011
SANTA TEREZINHA DE ITAIPU,412405,2011,2295,5,21.7864923747277,01/01/2011
SANTO ANTONIO DA PLATINA,412410,2011,5676,6,10.5708245243129,01/01/2011
SANTO ANTONIO DO CAIUA,412420,2011,415,0,0,01/01/2011
SANTO ANTONIO DO PARAISO,412430,2011,352,0,0,01/01/2011
SANTO ANTONIO DO SUDOESTE,412440,2011,2468,0,0,01/01/2011
SANTO INACIO,412450,2011,717,0,0,01/01/2011
SAO CARLOS DO IVAI,412460,2011,809,0,0,01/01/2011
SAO JERONIMO DA SERRA,412470,2011,1524,0,0,01/01/2011
SAO JOAO,412480,2011,1630,1,6.13496932515337,01/01/2011
SAO JOAO DO CAIUA,412490,2011,807,0,0,01/01/2011
SAO JOAO DO IVAI,412500,2011,1924,0,0,01/01/2011
SAO JOAO DO TRIUNFO,412510,2011,1369,0,0,01/01/2011
SAO JORGE D'OESTE,412520,2011,1318,0,0,01/01/2011
SAO JORGE DO IVAI,412530,2011,951,0,0,01/01/2011
SAO JORGE DO PATROCINIO,412535,2011,1056,0,0,01/01/2011
SAO JOSE DA BOA VISTA,412540,2011,980,0,0,01/01/2011
SAO JOSE DAS PALMEIRAS,412545,2011,550,0,0,01/01/2011
SAO JOSE DOS PINHAIS,412550,2011,21064,0,0,01/01/2011
SAO MANOEL DO PARANA,412555,2011,339,0,0,01/01/2011
SAO MATEUS DO SUL,412560,2011,4273,19,44.4652468991341,01/01/2011
SAO MIGUEL DO IGUACU,412570,2011,3111,0,0,01/01/2011
SAO PEDRO DO IGUACU,412575,2011,1012,0,0,01/01/2011
SAO PEDRO DO IVAI,412580,2011,1294,0,0,01/01/2011
SAO PEDRO DO PARANA,412590,2011,378,0,0,01/01/2011
SAO SEBASTIAO DA AMOREIRA,412600,2011,1204,0,0,01/01/2011
SAO TOME,412610,2011,673,10,148.588410104012,01/01/2011
SAPOPEMA,412620,2011,853,0,0,01/01/2011
SARANDI,412625,2011,8566,0,0,01/01/2011
SAUDADE DO IGUACU,412627,2011,602,2,33.2225913621262,01/01/2011
SENGES,412630,2011,1710,0,0,01/01/2011
SERRANOPOLIS DO IGUACU,412635,2011,813,7,86.1008610086101,01/01/2011
SERTANEJA,412640,2011,996,0,0,01/01/2011
SERTANOPOLIS,412650,2011,2257,1,4.43066016836509,01/01/2011
SIQUEIRA CAMPOS,412660,2011,2511,0,0,01/01/2011
SULINA,412665,2011,583,4,68.6106346483705,01/01/2011
TAMARANA,412667,2011,1391,2,14.3781452192667,01/01/2011
TAMBOARA,412670,2011,700,0,0,01/01/2011
TAPEJARA,412680,2011,1692,0,0,01/01/2011
TAPIRA,412690,2011,1024,0,0,01/01/2011
TEIXEIRA SOARES,412700,2011,1110,0,0,01/01/2011
TELEMACO BORBA,412710,2011,7419,0,0,01/01/2011
TERRA BOA,412720,2011,2278,0,0,01/01/2011
TERRA RICA,412730,2011,2169,0,0,01/01/2011
TERRA ROXA,412740,2011,2494,0,0,01/01/2011
TIBAGI,412750,2011,2062,0,0,01/01/2011
TIJUCAS DO SUL,412760,2011,1781,0,0,01/01/2011
TOLEDO,412770,2011,12784,0,0,01/01/2011
TOMAZINA,412780,2011,1359,1,7.35835172921266,01/01/2011
TRES BARRAS DO PARANA,412785,2011,1481,0,0,01/01/2011
TUNAS DO PARANA,412788,2011,426,0,0,01/01/2011
TUNEIRAS DO OESTE,412790,2011,1156,0,0,01/01/2011
TUPASSI,412795,2011,1323,0,0,01/01/2011
TURVO,412796,2011,1498,26,173.564753004005,01/01/2011
UBIRATA,412800,2011,3150,1,3.17460317460317,01/01/2011
UMUARAMA,412810,2011,13304,50,37.5826819001804,01/01/2011
UNIAO DA VITORIA,412820,2011,6260,79,126.198083067093,01/01/2011
UNIFLOR,412830,2011,350,0,0,01/01/2011
URAI,412840,2011,2009,0,0,01/01/2011
WENCESLAU BRAZ,412850,2011,2665,2,7.5046904315197,01/01/2011
VENTANIA,412853,2011,1006,0,0,01/01/2011
VERA CRUZ DO OESTE,412855,2011,1380,0,0,01/01/2011
VERE,412860,2011,1181,0,0,01/01/2011
ALTO PARAISO,412862,2011,426,0,0,01/01/2011
DOUTOR ULYSSES,412863,2011,609,0,0,01/01/2011
VIRMOND,412865,2011,513,2,38.9863547758285,01/01/2011
VITORINO,412870,2011,917,0,0,01/01/2011
XAMBRE,412880,2011,1095,0,0,01/01/2011
ABATIA,410010,2012,1172,0,0,01/01/2012
ADRIANOPOLIS,410020,2012,963,0,0,01/01/2012
AGUDOS DO SUL,410030,2012,1051,0,0,01/01/2012
ALMIRANTE TAMANDARE,410040,2012,8254,0,0,01/01/2012
ALTAMIRA DO PARANA,410045,2012,539,0,0,01/01/2012
ALTONIA,410050,2012,3368,0,0,01/01/2012
ALTO PARANA,410060,2012,1849,7,37.8583017847485,01/01/2012
ALTO PIQUIRI,410070,2012,1526,0,0,01/01/2012
ALVORADA DO SUL,410080,2012,1570,3,19.1082802547771,01/01/2012
AMAPORA,410090,2012,544,1,18.3823529411765,01/01/2012
AMPERE,410100,2012,2152,0,0,01/01/2012
ANAHY,410105,2012,476,0,0,01/01/2012
ANDIRA,410110,2012,3234,0,0,01/01/2012
ANGULO,410115,2012,401,0,0,01/01/2012
ANTONINA,410120,2012,2821,0,0,01/01/2012
ANTONIO OLINTO,410130,2012,1091,2,18.3318056828598,01/01/2012
APUCARANA,410140,2012,16550,0,0,01/01/2012
ARAPONGAS,410150,2012,13643,0,0,01/01/2012
ARAPOTI,410160,2012,2681,0,0,01/01/2012
ARAPUA,410165,2012,625,0,0,01/01/2012
ARARUNA,410170,2012,1881,4,21.2652844231792,01/01/2012
ARAUCARIA,410180,2012,10027,0,0,01/01/2012
ARIRANHA DO IVAI,410185,2012,424,0,0,01/01/2012
ASSAI,410190,2012,2637,0,0,01/01/2012
ASSIS CHATEAUBRIAND,410200,2012,5383,0,0,01/01/2012
ASTORGA,410210,2012,3892,0,0,01/01/2012
ATALAIA,410220,2012,663,1,15.0829562594269,01/01/2012
BALSA NOVA,410230,2012,1236,0,0,01/01/2012
BANDEIRANTES,410240,2012,4670,0,0,01/01/2012
BARBOSA FERRAZ,410250,2012,2157,1,4.63606861381549,01/01/2012
BARRACAO,410260,2012,1258,0,0,01/01/2012
BARRA DO JACARE,410270,2012,496,4,80.6451612903226,01/01/2012
BELA VISTA DA CAROBA,410275,2012,615,0,0,01/01/2012
BELA VISTA DO PARAISO,410280,2012,2570,4,15.5642023346304,01/01/2012
BITURUNA,410290,2012,1590,33,207.547169811321,01/01/2012
BOA ESPERANCA,410300,2012,704,1,14.2045454545455,01/01/2012
BOA ESPERANCA DO IGUACU,410302,2012,319,0,0,01/01/2012
BOA VENTURA DE SAO ROQUE,410304,2012,641,7,109.204368174727,01/01/2012
BOA VISTA DA APARECIDA,410305,2012,1224,0,0,01/01/2012
BOCAIUVA DO SUL,410310,2012,1255,0,0,01/01/2012
BOM JESUS DO SUL,410315,2012,661,0,0,01/01/2012
BOM SUCESSO,410320,2012,917,0,0,01/01/2012
BOM SUCESSO DO SUL,410322,2012,520,0,0,01/01/2012
BORRAZOPOLIS,410330,2012,1400,0,0,01/01/2012
BRAGANEY,410335,2012,810,0,0,01/01/2012
BRASILANDIA DO SUL,410337,2012,510,0,0,01/01/2012
CAFEARA,410340,2012,379,1,26.3852242744063,01/01/2012
CAFELANDIA,410345,2012,1405,0,0,01/01/2012
CAFEZAL DO SUL,410347,2012,741,0,0,01/01/2012
CALIFORNIA,410350,2012,1207,0,0,01/01/2012
CAMBARA,410360,2012,3698,10,27.0416441319632,01/01/2012
CAMBE,410370,2012,12609,93,73.7568403521294,01/01/2012
CAMBIRA,410380,2012,1090,0,0,01/01/2012
CAMPINA DA LAGOA,410390,2012,2294,3,13.077593722755,01/01/2012
CAMPINA DO SIMAO,410395,2012,410,0,0,01/01/2012
CAMPINA GRANDE DO SUL,410400,2012,3313,0,0,01/01/2012
CAMPO BONITO,410405,2012,550,0,0,01/01/2012
CAMPO DO TENENTE,410410,2012,689,0,0,01/01/2012
CAMPO LARGO,410420,2012,11783,0,0,01/01/2012
CAMPO MAGRO,410425,2012,2262,0,0,01/01/2012
CAMPO MOURAO,410430,2012,10808,38,35.159141376758,01/01/2012
CANDIDO DE ABREU,410440,2012,2121,0,0,01/01/2012
CANDOI,410442,2012,1445,1,6.92041522491349,01/01/2012
CANTAGALO,410445,2012,1423,3,21.0822206605762,01/01/2012
CAPANEMA,410450,2012,2879,0,0,01/01/2012
CAPITAO LEONIDAS MARQUES,410460,2012,2074,0,0,01/01/2012
CARAMBEI,410465,2012,1558,0,0,01/01/2012
CARLOPOLIS,410470,2012,1998,5,25.025025025025,01/01/2012
CASCAVEL,410480,2012,29340,0,0,01/01/2012
CASTRO,410490,2012,6930,0,0,01/01/2012
CATANDUVAS,410500,2012,1221,0,0,01/01/2012
CENTENARIO DO SUL,410510,2012,1665,3,18.018018018018,01/01/2012
CERRO AZUL,410520,2012,1983,0,0,01/01/2012
CEU AZUL,410530,2012,1598,0,0,01/01/2012
CHOPINZINHO,410540,2012,2625,33,125.714285714286,01/01/2012
CIANORTE,410550,2012,8960,68,75.8928571428571,01/01/2012
CIDADE GAUCHA,410560,2012,1340,0,0,01/01/2012
CLEVELANDIA,410570,2012,2299,2,8.69943453675511,01/01/2012
COLOMBO,410580,2012,17644,1,0.566764905917026,01/01/2012
COLORADO,410590,2012,3301,1,3.02938503483793,01/01/2012
CONGONHINHAS,410600,2012,1267,0,0,01/01/2012
CONSELHEIRO MAIRINCK,410610,2012,558,1,17.921146953405,01/01/2012
CONTENDA,410620,2012,1877,0,0,01/01/2012
CORBELIA,410630,2012,2176,0,0,01/01/2012
CORNELIO PROCOPIO,410640,2012,7438,0,0,01/01/2012
CORONEL DOMINGOS SOARES,410645,2012,628,3,47.7707006369427,01/01/2012
CORONEL VIVIDA,410650,2012,3189,11,34.4935716525557,01/01/2012
CORUMBATAI DO SUL,410655,2012,641,3,46.801872074883,01/01/2012
CRUZEIRO DO IGUACU,410657,2012,573,0,0,01/01/2012
CRUZEIRO DO OESTE,410660,2012,3196,0,0,01/01/2012
CRUZEIRO DO SUL,410670,2012,621,0,0,01/01/2012
CRUZ MACHADO,410680,2012,2060,1,4.85436893203884,01/01/2012
CRUZMALTINA,410685,2012,481,0,0,01/01/2012
CURITIBA,410690,2012,221212,23,1.03972659711046,01/01/2012
CURIUVA,410700,2012,1784,0,0,01/01/2012
DIAMANTE DO NORTE,410710,2012,910,1,10.989010989011,01/01/2012
DIAMANTE DO SUL,410712,2012,409,0,0,01/01/2012
DIAMANTE D'OESTE,410715,2012,708,0,0,01/01/2012
DOIS VIZINHOS,410720,2012,4127,0,0,01/01/2012
DOURADINA,410725,2012,1042,0,0,01/01/2012
DOUTOR CAMARGO,410730,2012,1109,0,0,01/01/2012
ENEAS MARQUES,410740,2012,835,0,0,01/01/2012
ENGENHEIRO BELTRAO,410750,2012,1974,9,45.5927051671733,01/01/2012
ESPERANCA NOVA,410752,2012,383,0,0,01/01/2012
ENTRE RIOS DO OESTE,410753,2012,574,0,0,01/01/2012
ESPIGAO ALTO DO IGUACU,410754,2012,693,0,0,01/01/2012
FAROL,410755,2012,467,0,0,01/01/2012
FAXINAL,410760,2012,2386,0,0,01/01/2012
FAZENDA RIO GRANDE,410765,2012,5840,0,0,01/01/2012
FENIX,410770,2012,777,1,12.8700128700129,01/01/2012
FERNANDES PINHEIRO,410773,2012,629,0,0,01/01/2012
FIGUEIRA,410775,2012,1271,4,31.47128245476,01/01/2012
FLORAI,410780,2012,976,0,0,01/01/2012
FLOR DA SERRA DO SUL,410785,2012,626,0,0,01/01/2012
FLORESTA,410790,2012,838,0,0,01/01/2012
FLORESTOPOLIS,410800,2012,1353,2,14.7819660014782,01/01/2012
FLORIDA,410810,2012,388,0,0,01/01/2012
FORMOSA DO OESTE,410820,2012,1413,0,0,01/01/2012
FOZ DO IGUACU,410830,2012,23211,210,90.4743440610055,01/01/2012
FRANCISCO ALVES,410832,2012,1163,0,0,01/01/2012
FRANCISCO BELTRAO,410840,2012,9234,0,0,01/01/2012
FOZ DO JORDAO,410845,2012,567,2,35.2733686067019,01/01/2012
GENERAL CARNEIRO,410850,2012,1330,7,52.6315789473684,01/01/2012
GODOY MOREIRA,410855,2012,596,0,0,01/01/2012
GOIOERE,410860,2012,4225,8,18.9349112426036,01/01/2012
GOIOXIM,410865,2012,745,0,0,01/01/2012
GRANDES RIOS,410870,2012,930,0,0,01/01/2012
GUAIRA,410880,2012,4031,0,0,01/01/2012
GUAIRACA,410890,2012,846,0,0,01/01/2012
GUAMIRANGA,410895,2012,886,0,0,01/01/2012
GUAPIRAMA,410900,2012,518,1,19.3050193050193,01/01/2012
GUAPOREMA,410910,2012,338,6,177.514792899408,01/01/2012
GUARACI,410920,2012,821,1,12.1802679658952,01/01/2012
GUARANIACU,410930,2012,2086,0,0,01/01/2012
GUARAPUAVA,410940,2012,17553,46,26.2063464934769,01/01/2012
GUARAQUECABA,410950,2012,960,0,0,01/01/2012
GUARATUBA,410960,2012,4234,1,2.36183278223902,01/01/2012
HONORIO SERPA,410965,2012,632,4,63.2911392405063,01/01/2012
IBAITI,410970,2012,3859,9,23.3221041720653,01/01/2012
IBEMA,410975,2012,752,0,0,01/01/2012
IBIPORA,410980,2012,6572,7,10.6512477175898,01/01/2012
ICARAIMA,410990,2012,1473,0,0,01/01/2012
IGUARACU,411000,2012,540,0,0,01/01/2012
IGUATU,411005,2012,359,0,0,01/01/2012
IMBAU,411007,2012,1290,0,0,01/01/2012
IMBITUVA,411010,2012,2868,0,0,01/01/2012
INACIO MARTINS,411020,2012,1041,0,0,01/01/2012
INAJA,411030,2012,442,0,0,01/01/2012
INDIANOPOLIS,411040,2012,738,8,108.40108401084,01/01/2012
IPIRANGA,411050,2012,1444,0,0,01/01/2012
IPORA,411060,2012,2539,0,0,01/01/2012
IRACEMA DO OESTE,411065,2012,422,0,0,01/01/2012
IRATI,411070,2012,7085,0,0,01/01/2012
IRETAMA,411080,2012,1594,6,37.6411543287328,01/01/2012
ITAGUAJE,411090,2012,625,0,0,01/01/2012
ITAIPULANDIA,411095,2012,1175,0,0,01/01/2012
ITAMBARACA,411100,2012,1057,0,0,01/01/2012
ITAMBE,411110,2012,883,0,0,01/01/2012
ITAPEJARA D'OESTE,411120,2012,1576,2,12.6903553299492,01/01/2012
ITAPERUCU,411125,2012,1798,0,0,01/01/2012
ITAUNA DO SUL,411130,2012,555,0,0,01/01/2012
IVAI,411140,2012,1465,0,0,01/01/2012
IVAIPORA,411150,2012,5066,0,0,01/01/2012
IVATE,411155,2012,1002,0,0,01/01/2012
IVATUBA,411160,2012,429,0,0,01/01/2012
JABOTI,411170,2012,723,3,41.49377593361,01/01/2012
JACAREZINHO,411180,2012,5154,11,21.3426464881645,01/01/2012
JAGUAPITA,411190,2012,1705,4,23.4604105571848,01/01/2012
JAGUARIAIVA,411200,2012,3160,0,0,01/01/2012
JANDAIA DO SUL,411210,2012,3336,0,0,01/01/2012
JANIOPOLIS,411220,2012,1104,1,9.05797101449275,01/01/2012
JAPIRA,411230,2012,733,3,40.9276944065484,01/01/2012
JAPURA,411240,2012,1424,13,91.2921348314607,01/01/2012
JARDIM ALEGRE,411250,2012,2034,0,0,01/01/2012
JARDIM OLINDA,411260,2012,178,0,0,01/01/2012
JATAIZINHO,411270,2012,1514,0,0,01/01/2012
JESUITAS,411275,2012,1683,0,0,01/01/2012
JOAQUIM TAVORA,411280,2012,1607,0,0,01/01/2012
JUNDIAI DO SUL,411290,2012,535,2,37.3831775700935,01/01/2012
JURANDA,411295,2012,1010,3,29.7029702970297,01/01/2012
JUSSARA,411300,2012,927,14,151.024811218986,01/01/2012
KALORE,411310,2012,896,0,0,01/01/2012
LAPA,411320,2012,5417,0,0,01/01/2012
LARANJAL,411325,2012,575,1,17.3913043478261,01/01/2012
LARANJEIRAS DO SUL,411330,2012,3826,0,0,01/01/2012
LEOPOLIS,411340,2012,675,0,0,01/01/2012
LIDIANOPOLIS,411342,2012,740,0,0,01/01/2012
LINDOESTE,411345,2012,813,0,0,01/01/2012
LOANDA,411350,2012,2858,0,0,01/01/2012
LOBATO,411360,2012,561,0,0,01/01/2012
LONDRINA,411370,2012,71769,285,39.7107386197383,01/01/2012
LUIZIANA,411373,2012,872,2,22.9357798165138,01/01/2012
LUNARDELLI,411375,2012,857,0,0,01/01/2012
LUPIONOPOLIS,411380,2012,761,1,13.1406044678055,01/01/2012
MALLET,411390,2012,1772,0,0,01/01/2012
MAMBORE,411400,2012,1864,2,10.7296137339056,01/01/2012
MANDAGUACU,411410,2012,2628,0,0,01/01/2012
MANDAGUARI,411420,2012,4961,0,0,01/01/2012
MANDIRITUBA,411430,2012,2618,0,0,01/01/2012
MANFRINOPOLIS,411435,2012,400,0,0,01/01/2012
MANGUEIRINHA,411440,2012,1826,1,5.47645125958379,01/01/2012
MANOEL RIBAS,411450,2012,1688,0,0,01/01/2012
MARECHAL CANDIDO RONDON,411460,2012,6594,0,0,01/01/2012
MARIA HELENA,411470,2012,932,0,0,01/01/2012
MARIALVA,411480,2012,4617,0,0,01/01/2012
MARILANDIA DO SUL,411490,2012,1211,0,0,01/01/2012
MARILENA,411500,2012,1057,0,0,01/01/2012
MARILUZ,411510,2012,1411,0,0,01/01/2012
MARINGA,411520,2012,48965,178,36.352496681303,01/01/2012
MARIOPOLIS,411530,2012,891,3,33.6700336700337,01/01/2012
MARIPA,411535,2012,1000,0,0,01/01/2012
MARMELEIRO,411540,2012,1948,0,0,01/01/2012
MARQUINHO,411545,2012,575,0,0,01/01/2012
MARUMBI,411550,2012,705,0,0,01/01/2012
MATELANDIA,411560,2012,2004,0,0,01/01/2012
MATINHOS,411570,2012,4164,0,0,01/01/2012
MATO RICO,411573,2012,485,0,0,01/01/2012
MAUA DA SERRA,411575,2012,806,0,0,01/01/2012
MEDIANEIRA,411580,2012,4866,0,0,01/01/2012
MERCEDES,411585,2012,791,0,0,01/01/2012
MIRADOR,411590,2012,315,0,0,01/01/2012
MIRASELVA,411600,2012,355,0,0,01/01/2012
MISSAL,411605,2012,1754,0,0,01/01/2012
MOREIRA SALES,411610,2012,2057,3,14.5843461351483,01/01/2012
MORRETES,411620,2012,2188,0,0,01/01/2012
MUNHOZ DE MELO,411630,2012,666,0,0,01/01/2012
NOSSA SENHORA DAS GRACAS,411640,2012,546,0,0,01/01/2012
NOVA ALIANCA DO IVAI,411650,2012,162,0,0,01/01/2012
NOVA AMERICA DA COLINA,411660,2012,468,0,0,01/01/2012
NOVA AURORA,411670,2012,1816,0,0,01/01/2012
NOVA CANTU,411680,2012,987,2,20.2634245187437,01/01/2012
NOVA ESPERANCA,411690,2012,3951,0,0,01/01/2012
NOVA ESPERANCA DO SUDOESTE,411695,2012,687,0,0,01/01/2012
NOVA FATIMA,411700,2012,1213,0,0,01/01/2012
NOVA LARANJEIRAS,411705,2012,1322,0,0,01/01/2012
NOVA LONDRINA,411710,2012,1745,0,0,01/01/2012
NOVA OLIMPIA,411720,2012,939,0,0,01/01/2012
NOVA SANTA BARBARA,411721,2012,668,0,0,01/01/2012
NOVA SANTA ROSA,411722,2012,1284,0,0,01/01/2012
NOVA PRATA DO IGUACU,411725,2012,1454,0,0,01/01/2012
NOVA TEBAS,411727,2012,1096,0,0,01/01/2012
NOVO ITACOLOMI,411729,2012,478,0,0,01/01/2012
ORTIGUEIRA,411730,2012,2983,0,0,01/01/2012
OURIZONA,411740,2012,562,0,0,01/01/2012
OURO VERDE DO OESTE,411745,2012,787,0,0,01/01/2012
PAICANDU,411750,2012,4077,0,0,01/01/2012
PALMAS,411760,2012,3603,4,11.1018595614765,01/01/2012
PALMEIRA,411770,2012,3699,0,0,01/01/2012
PALMITAL,411780,2012,1795,0,0,01/01/2012
PALOTINA,411790,2012,3907,0,0,01/01/2012
PARAISO DO NORTE,411800,2012,1527,1,6.54878847413229,01/01/2012
PARANACITY,411810,2012,1220,0,0,01/01/2012
PARANAGUA,411820,2012,13724,1,0.728650539201399,01/01/2012
PARANAPOEMA,411830,2012,297,0,0,01/01/2012
PARANAVAI,411840,2012,11907,1,0.83984210968338,01/01/2012
PATO BRAGADO,411845,2012,738,0,0,01/01/2012
PATO BRANCO,411850,2012,8291,127,153.178144976481,01/01/2012
PAULA FREITAS,411860,2012,761,21,275.952693823916,01/01/2012
PAULO FRONTIN,411870,2012,963,6,62.3052959501558,01/01/2012
PEABIRU,411880,2012,1885,2,10.6100795755968,01/01/2012
PEROBAL,411885,2012,852,0,0,01/01/2012
PEROLA,411890,2012,1774,0,0,01/01/2012
PEROLA D'OESTE,411900,2012,1085,0,0,01/01/2012
PIEN,411910,2012,1103,0,0,01/01/2012
PINHAIS,411915,2012,11012,0,0,01/01/2012
PINHALAO,411920,2012,904,3,33.1858407079646,01/01/2012
PINHAL DE SAO BENTO,411925,2012,330,0,0,01/01/2012
PINHAO,411930,2012,2814,3,10.6609808102345,01/01/2012
PIRAI DO SUL,411940,2012,2950,1,3.38983050847458,01/01/2012
PIRAQUARA,411950,2012,6892,0,0,01/01/2012
PITANGA,411960,2012,3877,97,250.193448542688,01/01/2012
PITANGUEIRAS,411965,2012,368,0,0,01/01/2012
PLANALTINA DO PARANA,411970,2012,613,1,16.3132137030995,01/01/2012
PLANALTO,411980,2012,2254,0,0,01/01/2012
PONTA GROSSA,411990,2012,35439,2,0.564350009876125,01/01/2012
PONTAL DO PARANA,411995,2012,3236,0,0,01/01/2012
PORECATU,412000,2012,2168,6,27.6752767527675,01/01/2012
PORTO AMAZONAS,412010,2012,539,0,0,01/01/2012
PORTO BARREIRO,412015,2012,439,0,0,01/01/2012
PORTO RICO,412020,2012,316,1,31.6455696202532,01/01/2012
PORTO VITORIA,412030,2012,553,3,54.249547920434,01/01/2012
PRADO FERREIRA,412033,2012,497,0,0,01/01/2012
PRANCHITA,412035,2012,891,0,0,01/01/2012
PRESIDENTE CASTELO BRANCO,412040,2012,572,0,0,01/01/2012
PRIMEIRO DE MAIO,412050,2012,1851,2,10.8049702863317,01/01/2012
PRUDENTOPOLIS,412060,2012,6219,12,19.2957067052581,01/01/2012
QUARTO CENTENARIO,412065,2012,660,3,45.4545454545455,01/01/2012
QUATIGUA,412070,2012,1119,5,44.6827524575514,01/01/2012
QUATRO BARRAS,412080,2012,1867,0,0,01/01/2012
QUATRO PONTES,412085,2012,657,0,0,01/01/2012
QUEDAS DO IGUACU,412090,2012,3500,0,0,01/01/2012
QUERENCIA DO NORTE,412100,2012,1476,0,0,01/01/2012
QUINTA DO SOL,412110,2012,753,2,26.5604249667995,01/01/2012
QUITANDINHA,412120,2012,2225,0,0,01/01/2012
RAMILANDIA,412125,2012,513,0,0,01/01/2012
RANCHO ALEGRE,412130,2012,732,0,0,01/01/2012
RANCHO ALEGRE D'OESTE,412135,2012,396,3,75.7575757575758,01/01/2012
REALEZA,412140,2012,2392,0,0,01/01/2012
REBOUCAS,412150,2012,1796,0,0,01/01/2012
RENASCENCA,412160,2012,859,0,0,01/01/2012
RESERVA,412170,2012,2838,0,0,01/01/2012
RESERVA DO IGUACU,412175,2012,593,1,16.8634064080944,01/01/2012
RIBEIRAO CLARO,412180,2012,1700,10,58.8235294117647,01/01/2012
RIBEIRAO DO PINHAL,412190,2012,2160,1,4.62962962962963,01/01/2012
RIO AZUL,412200,2012,1647,0,0,01/01/2012
RIO BOM,412210,2012,626,0,0,01/01/2012
RIO BONITO DO IGUACU,412215,2012,1402,0,0,01/01/2012
RIO BRANCO DO IVAI,412217,2012,462,0,0,01/01/2012
RIO BRANCO DO SUL,412220,2012,2668,0,0,01/01/2012
RIO NEGRO,412230,2012,3724,0,0,01/01/2012
ROLANDIA,412240,2012,7805,3,3.84368994234465,01/01/2012
RONCADOR,412250,2012,1570,4,25.4777070063694,01/01/2012
RONDON,412260,2012,1190,85,714.285714285714,01/01/2012
ROSARIO DO IVAI,412265,2012,907,0,0,01/01/2012
SABAUDIA,412270,2012,859,0,0,01/01/2012
SALGADO FILHO,412280,2012,637,0,0,01/01/2012
SALTO DO ITARARE,412290,2012,888,3,33.7837837837838,01/01/2012
SALTO DO LONTRA,412300,2012,1746,0,0,01/01/2012
SANTA AMELIA,412310,2012,592,0,0,01/01/2012
SANTA CECILIA DO PAVAO,412320,2012,588,0,0,01/01/2012
SANTA CRUZ DE MONTE CASTELO,412330,2012,1252,0,0,01/01/2012
SANTA FE,412340,2012,1568,0,0,01/01/2012
SANTA HELENA,412350,2012,3446,0,0,01/01/2012
SANTA INES,412360,2012,261,0,0,01/01/2012
SANTA ISABEL DO IVAI,412370,2012,1538,0,0,01/01/2012
SANTA IZABEL DO OESTE,412380,2012,1847,0,0,01/01/2012
SANTA LUCIA,412382,2012,680,0,0,01/01/2012
SANTA MARIA DO OESTE,412385,2012,1335,0,0,01/01/2012
SANTA MARIANA,412390,2012,2246,0,0,01/01/2012
SANTA MONICA,412395,2012,444,1,22.5225225225225,01/01/2012
SANTANA DO ITARARE,412400,2012,764,4,52.3560209424084,01/01/2012
SANTA TEREZA DO OESTE,412402,2012,1062,0,0,01/01/2012
SANTA TEREZINHA DE ITAIPU,412405,2012,2436,0,0,01/01/2012
SANTO ANTONIO DA PLATINA,412410,2012,5879,8,13.6077564211601,01/01/2012
SANTO ANTONIO DO CAIUA,412420,2012,423,0,0,01/01/2012
SANTO ANTONIO DO PARAISO,412430,2012,363,0,0,01/01/2012
SANTO ANTONIO DO SUDOESTE,412440,2012,2557,0,0,01/01/2012
SANTO INACIO,412450,2012,736,0,0,01/01/2012
SAO CARLOS DO IVAI,412460,2012,835,0,0,01/01/2012
SAO JERONIMO DA SERRA,412470,2012,1555,0,0,01/01/2012
SAO JOAO,412480,2012,1685,8,47.4777448071217,01/01/2012
SAO JOAO DO CAIUA,412490,2012,825,1,12.1212121212121,01/01/2012
SAO JOAO DO IVAI,412500,2012,1974,0,0,01/01/2012
SAO JOAO DO TRIUNFO,412510,2012,1410,0,0,01/01/2012
SAO JORGE D'OESTE,412520,2012,1357,0,0,01/01/2012
SAO JORGE DO IVAI,412530,2012,978,1,10.2249488752556,01/01/2012
SAO JORGE DO PATROCINIO,412535,2012,1085,1,9.21658986175115,01/01/2012
SAO JOSE DA BOA VISTA,412540,2012,1001,0,0,01/01/2012
SAO JOSE DAS PALMEIRAS,412545,2012,559,0,0,01/01/2012
SAO JOSE DOS PINHAIS,412550,2012,22365,1,0.447127207690588,01/01/2012
SAO MANOEL DO PARANA,412555,2012,355,13,366.197183098592,01/01/2012
SAO MATEUS DO SUL,412560,2012,4437,33,74.3745774171738,01/01/2012
SAO MIGUEL DO IGUACU,412570,2012,3264,1,3.06372549019608,01/01/2012
SAO PEDRO DO IGUACU,412575,2012,1032,0,0,01/01/2012
SAO PEDRO DO IVAI,412580,2012,1342,0,0,01/01/2012
SAO PEDRO DO PARANA,412590,2012,386,1,25.9067357512953,01/01/2012
SAO SEBASTIAO DA AMOREIRA,412600,2012,1240,0,0,01/01/2012
SAO TOME,412610,2012,696,10,143.67816091954,01/01/2012
SAPOPEMA,412620,2012,870,0,0,01/01/2012
SARANDI,412625,2012,9004,2,2.2212350066637,01/01/2012
SAUDADE DO IGUACU,412627,2012,632,8,126.582278481013,01/01/2012
SENGES,412630,2012,1764,0,0,01/01/2012
SERRANOPOLIS DO IGUACU,412635,2012,838,0,0,01/01/2012
SERTANEJA,412640,2012,1026,0,0,01/01/2012
SERTANOPOLIS,412650,2012,2342,5,21.3492741246798,01/01/2012
SIQUEIRA CAMPOS,412660,2012,2594,3,11.5651503469545,01/01/2012
SULINA,412665,2012,595,6,100.840336134454,01/01/2012
TAMARANA,412667,2012,1457,1,6.86341798215511,01/01/2012
TAMBOARA,412670,2012,717,0,0,01/01/2012
TAPEJARA,412680,2012,1739,35,201.265094882116,01/01/2012
TAPIRA,412690,2012,1029,0,0,01/01/2012
TEIXEIRA SOARES,412700,2012,1157,0,0,01/01/2012
TELEMACO BORBA,412710,2012,7685,0,0,01/01/2012
TERRA BOA,412720,2012,2335,10,42.8265524625268,01/01/2012
TERRA RICA,412730,2012,2223,0,0,01/01/2012
TERRA ROXA,412740,2012,2562,0,0,01/01/2012
TIBAGI,412750,2012,2121,0,0,01/01/2012
TIJUCAS DO SUL,412760,2012,1841,0,0,01/01/2012
TOLEDO,412770,2012,13452,0,0,01/01/2012
TOMAZINA,412780,2012,1366,2,14.6412884333821,01/01/2012
TRES BARRAS DO PARANA,412785,2012,1530,0,0,01/01/2012
TUNAS DO PARANA,412788,2012,431,0,0,01/01/2012
TUNEIRAS DO OESTE,412790,2012,1179,17,144.189991518236,01/01/2012
TUPASSI,412795,2012,1376,0,0,01/01/2012
TURVO,412796,2012,1543,21,136.098509397278,01/01/2012
UBIRATA,412800,2012,3229,5,15.4846701765252,01/01/2012
UMUARAMA,412810,2012,13881,58,41.7837331604351,01/01/2012
UNIAO DA VITORIA,412820,2012,6493,55,84.706607115355,01/01/2012
UNIFLOR,412830,2012,361,0,0,01/01/2012
URAI,412840,2012,2070,0,0,01/01/2012
WENCESLAU BRAZ,412850,2012,2741,4,14.5932141554177,01/01/2012
VENTANIA,412853,2012,1035,0,0,01/01/2012
VERA CRUZ DO OESTE,412855,2012,1412,0,0,01/01/2012
VERE,412860,2012,1216,0,0,01/01/2012
ALTO PARAISO,412862,2012,429,0,0,01/01/2012
DOUTOR ULYSSES,412863,2012,624,0,0,01/01/2012
VIRMOND,412865,2012,538,2,37.1747211895911,01/01/2012
VITORINO,412870,2012,939,0,0,01/01/2012
XAMBRE,412880,2012,1106,0,0,01/01/2012
ABATIA,410010,2013,1200,0,0,01/01/2013
ADRIANOPOLIS,410020,2013,981,0,0,01/01/2013
AGUDOS DO SUL,410030,2013,1082,0,0,01/01/2013
ALMIRANTE TAMANDARE,410040,2013,8739,0,0,01/01/2013
ALTAMIRA DO PARANA,410045,2013,524,13,248.091603053435,01/01/2013
ALTONIA,410050,2013,3451,0,0,01/01/2013
ALTO PARANA,410060,2013,1908,3,15.7232704402516,01/01/2013
ALTO PIQUIRI,410070,2013,1552,0,0,01/01/2013
ALVORADA DO SUL,410080,2013,1638,0,0,01/01/2013
AMAPORA,410090,2013,569,0,0,01/01/2013
AMPERE,410100,2013,2231,1,4.48229493500672,01/01/2013
ANAHY,410105,2013,489,0,0,01/01/2013
ANDIRA,410110,2013,3337,0,0,01/01/2013
ANGULO,410115,2013,407,0,0,01/01/2013
ANTONINA,410120,2013,2892,0,0,01/01/2013
ANTONIO OLINTO,410130,2013,1129,6,53.1443755535873,01/01/2013
APUCARANA,410140,2013,17281,0,0,01/01/2013
ARAPONGAS,410150,2013,14272,0,0,01/01/2013
ARAPOTI,410160,2013,2789,0,0,01/01/2013
ARAPUA,410165,2013,636,0,0,01/01/2013
ARARUNA,410170,2013,1958,71,362.614913176711,01/01/2013
ARAUCARIA,410180,2013,10666,0,0,01/01/2013
ARIRANHA DO IVAI,410185,2013,431,0,0,01/01/2013
ASSAI,410190,2013,2694,0,0,01/01/2013
ASSIS CHATEAUBRIAND,410200,2013,5547,0,0,01/01/2013
ASTORGA,410210,2013,4040,1,2.47524752475248,01/01/2013
ATALAIA,410220,2013,684,0,0,01/01/2013
BALSA NOVA,410230,2013,1290,0,0,01/01/2013
BANDEIRANTES,410240,2013,4813,0,0,01/01/2013
BARBOSA FERRAZ,410250,2013,2195,5,22.7790432801822,01/01/2013
BARRACAO,410260,2013,1310,1,7.63358778625954,01/01/2013
BARRA DO JACARE,410270,2013,514,9,175.097276264591,01/01/2013
BELA VISTA DA CAROBA,410275,2013,631,0,0,01/01/2013
BELA VISTA DO PARAISO,410280,2013,2644,1,3.7821482602118,01/01/2013
BITURUNA,410290,2013,1659,20,120.554550934298,01/01/2013
BOA ESPERANCA,410300,2013,718,8,111.42061281337,01/01/2013
BOA ESPERANCA DO IGUACU,410302,2013,331,0,0,01/01/2013
BOA VENTURA DE SAO ROQUE,410304,2013,667,6,89.9550224887556,01/01/2013
BOA VISTA DA APARECIDA,410305,2013,1261,0,0,01/01/2013
BOCAIUVA DO SUL,410310,2013,1297,0,0,01/01/2013
BOM JESUS DO SUL,410315,2013,689,0,0,01/01/2013
BOM SUCESSO,410320,2013,938,0,0,01/01/2013
BOM SUCESSO DO SUL,410322,2013,536,1,18.6567164179105,01/01/2013
BORRAZOPOLIS,410330,2013,1425,0,0,01/01/2013
BRAGANEY,410335,2013,823,0,0,01/01/2013
BRASILANDIA DO SUL,410337,2013,518,0,0,01/01/2013
CAFEARA,410340,2013,385,1,25.974025974026,01/01/2013
CAFELANDIA,410345,2013,1495,0,0,01/01/2013
CAFEZAL DO SUL,410347,2013,759,0,0,01/01/2013
CALIFORNIA,410350,2013,1243,0,0,01/01/2013
CAMBARA,410360,2013,3809,9,23.6282488842216,01/01/2013
CAMBE,410370,2013,13202,120,90.8953188910771,01/01/2013
CAMBIRA,410380,2013,1137,0,0,01/01/2013
CAMPINA DA LAGOA,410390,2013,2354,13,55.2251486830926,01/01/2013
CAMPINA DO SIMAO,410395,2013,425,6,141.176470588235,01/01/2013
CAMPINA GRANDE DO SUL,410400,2013,3495,0,0,01/01/2013
CAMPO BONITO,410405,2013,563,0,0,01/01/2013
CAMPO DO TENENTE,410410,2013,714,0,0,01/01/2013
CAMPO LARGO,410420,2013,12370,0,0,01/01/2013
CAMPO MAGRO,410425,2013,2388,0,0,01/01/2013
CAMPO MOURAO,410430,2013,11283,160,141.806257201099,01/01/2013
CANDIDO DE ABREU,410440,2013,2162,0,0,01/01/2013
CANDOI,410442,2013,1511,6,39.7088021178028,01/01/2013
CANTAGALO,410445,2013,1478,2,13.531799729364,01/01/2013
CAPANEMA,410450,2013,2967,0,0,01/01/2013
CAPITAO LEONIDAS MARQUES,410460,2013,2163,1,4.62320850670365,01/01/2013
CARAMBEI,410465,2013,1631,0,0,01/01/2013
CARLOPOLIS,410470,2013,2061,3,14.5560407569141,01/01/2013
CASCAVEL,410480,2013,31063,13,4.18504329910183,01/01/2013
CASTRO,410490,2013,7154,0,0,01/01/2013
CATANDUVAS,410500,2013,1256,0,0,01/01/2013
CENTENARIO DO SUL,410510,2013,1699,1,5.88581518540318,01/01/2013
CERRO AZUL,410520,2013,2048,0,0,01/01/2013
CEU AZUL,410530,2013,1653,3,18.1488203266788,01/01/2013
CHOPINZINHO,410540,2013,2723,38,139.551964744767,01/01/2013
CIANORTE,410550,2013,9324,45,48.2625482625483,01/01/2013
CIDADE GAUCHA,410560,2013,1387,0,0,01/01/2013
CLEVELANDIA,410570,2013,2363,0,0,01/01/2013
COLOMBO,410580,2013,18669,0,0,01/01/2013
COLORADO,410590,2013,3449,1,2.89939112786315,01/01/2013
CONGONHINHAS,410600,2013,1297,0,0,01/01/2013
CONSELHEIRO MAIRINCK,410610,2013,577,1,17.3310225303293,01/01/2013
CONTENDA,410620,2013,1955,0,0,01/01/2013
CORBELIA,410630,2013,2255,0,0,01/01/2013
CORNELIO PROCOPIO,410640,2013,7731,0,0,01/01/2013
CORONEL DOMINGOS SOARES,410645,2013,647,0,0,01/01/2013
CORONEL VIVIDA,410650,2013,3287,15,45.6343170063888,01/01/2013
CORUMBATAI DO SUL,410655,2013,648,15,231.481481481482,01/01/2013
CRUZEIRO DO IGUACU,410657,2013,589,0,0,01/01/2013
CRUZEIRO DO OESTE,410660,2013,3278,0,0,01/01/2013
CRUZEIRO DO SUL,410670,2013,641,1,15.600624024961,01/01/2013
CRUZ MACHADO,410680,2013,2116,8,37.8071833648393,01/01/2013
CRUZMALTINA,410685,2013,492,0,0,01/01/2013
CURITIBA,410690,2013,232004,25,1.07756762814434,01/01/2013
CURIUVA,410700,2013,1832,0,0,01/01/2013
DIAMANTE DO NORTE,410710,2013,932,2,21.4592274678112,01/01/2013
DIAMANTE DO SUL,410712,2013,418,0,0,01/01/2013
DIAMANTE D'OESTE,410715,2013,730,0,0,01/01/2013
DOIS VIZINHOS,410720,2013,4335,18,41.522491349481,01/01/2013
DOURADINA,410725,2013,1075,0,0,01/01/2013
DOUTOR CAMARGO,410730,2013,1136,0,0,01/01/2013
ENEAS MARQUES,410740,2013,854,0,0,01/01/2013
ENGENHEIRO BELTRAO,410750,2013,2041,61,298.873101420872,01/01/2013
ESPERANCA NOVA,410752,2013,386,0,0,01/01/2013
ENTRE RIOS DO OESTE,410753,2013,604,0,0,01/01/2013
ESPIGAO ALTO DO IGUACU,410754,2013,708,0,0,01/01/2013
FAROL,410755,2013,480,11,229.166666666667,01/01/2013
FAXINAL,410760,2013,2451,0,0,01/01/2013
FAZENDA RIO GRANDE,410765,2013,6252,0,0,01/01/2013
FENIX,410770,2013,800,4,50,01/01/2013
FERNANDES PINHEIRO,410773,2013,650,0,0,01/01/2013
FIGUEIRA,410775,2013,1303,1,7.67459708365311,01/01/2013
FLORAI,410780,2013,1006,0,0,01/01/2013
FLOR DA SERRA DO SUL,410785,2013,652,0,0,01/01/2013
FLORESTA,410790,2013,870,0,0,01/01/2013
FLORESTOPOLIS,410800,2013,1383,3,21.6919739696312,01/01/2013
FLORIDA,410810,2013,397,0,0,01/01/2013
FORMOSA DO OESTE,410820,2013,1440,0,0,01/01/2013
FOZ DO IGUACU,410830,2013,24572,204,83.0213250854631,01/01/2013
FRANCISCO ALVES,410832,2013,1182,0,0,01/01/2013
FRANCISCO BELTRAO,410840,2013,9689,11,11.3530808132934,01/01/2013
FOZ DO JORDAO,410845,2013,582,2,34.3642611683849,01/01/2013
GENERAL CARNEIRO,410850,2013,1372,7,51.0204081632653,01/01/2013
GODOY MOREIRA,410855,2013,606,0,0,01/01/2013
GOIOERE,410860,2013,4370,87,199.08466819222,01/01/2013
GOIOXIM,410865,2013,778,0,0,01/01/2013
GRANDES RIOS,410870,2013,948,0,0,01/01/2013
GUAIRA,410880,2013,4180,0,0,01/01/2013
GUAIRACA,410890,2013,877,1,11.4025085518814,01/01/2013
GUAMIRANGA,410895,2013,914,0,0,01/01/2013
GUAPIRAMA,410900,2013,534,1,18.7265917602996,01/01/2013
GUAPOREMA,410910,2013,351,9,256.410256410256,01/01/2013
GUARACI,410920,2013,839,0,0,01/01/2013
GUARANIACU,410930,2013,2131,0,0,01/01/2013
GUARAPUAVA,410940,2013,18309,19,10.3774100169316,01/01/2013
GUARAQUECABA,410950,2013,977,0,0,01/01/2013
GUARATUBA,410960,2013,4492,1,2.22617987533393,01/01/2013
HONORIO SERPA,410965,2013,660,1,15.1515151515152,01/01/2013
IBAITI,410970,2013,3982,6,15.0678051230537,01/01/2013
IBEMA,410975,2013,780,0,0,01/01/2013
IBIPORA,410980,2013,6886,11,15.9744408945687,01/01/2013
ICARAIMA,410990,2013,1497,0,0,01/01/2013
IGUARACU,411000,2013,558,0,0,01/01/2013
IGUATU,411005,2013,365,0,0,01/01/2013
IMBAU,411007,2013,1331,0,0,01/01/2013
IMBITUVA,411010,2013,2987,0,0,01/01/2013
INACIO MARTINS,411020,2013,1073,0,0,01/01/2013
INAJA,411030,2013,453,0,0,01/01/2013
INDIANOPOLIS,411040,2013,761,19,249.671484888305,01/01/2013
IPIRANGA,411050,2013,1494,0,0,01/01/2013
IPORA,411060,2013,2589,0,0,01/01/2013
IRACEMA DO OESTE,411065,2013,422,0,0,01/01/2013
IRATI,411070,2013,7343,0,0,01/01/2013
IRETAMA,411080,2013,1632,27,165.441176470588,01/01/2013
ITAGUAJE,411090,2013,639,0,0,01/01/2013
ITAIPULANDIA,411095,2013,1252,1,7.98722044728434,01/01/2013
ITAMBARACA,411100,2013,1099,0,0,01/01/2013
ITAMBE,411110,2013,907,0,0,01/01/2013
ITAPEJARA D'OESTE,411120,2013,1642,0,0,01/01/2013
ITAPERUCU,411125,2013,1878,0,0,01/01/2013
ITAUNA DO SUL,411130,2013,555,1,18.018018018018,01/01/2013
IVAI,411140,2013,1500,0,0,01/01/2013
IVAIPORA,411150,2013,5210,0,0,01/01/2013
IVATE,411155,2013,1031,0,0,01/01/2013
IVATUBA,411160,2013,451,0,0,01/01/2013
JABOTI,411170,2013,750,8,106.666666666667,01/01/2013
JACAREZINHO,411180,2013,5309,9,16.952345074402,01/01/2013
JAGUAPITA,411190,2013,1762,1,5.67536889897843,01/01/2013
JAGUARIAIVA,411200,2013,3275,0,0,01/01/2013
JANDAIA DO SUL,411210,2013,3442,0,0,01/01/2013
JANIOPOLIS,411220,2013,1121,17,151.650312221231,01/01/2013
JAPIRA,411230,2013,756,0,0,01/01/2013
JAPURA,411240,2013,1481,21,141.796083727211,01/01/2013
JARDIM ALEGRE,411250,2013,2089,0,0,01/01/2013
JARDIM OLINDA,411260,2013,181,1,55.2486187845304,01/01/2013
JATAIZINHO,411270,2013,1568,1,6.37755102040816,01/01/2013
JESUITAS,411275,2013,1710,0,0,01/01/2013
JOAQUIM TAVORA,411280,2013,1646,4,24.3013365735115,01/01/2013
JUNDIAI DO SUL,411290,2013,549,5,91.0746812386157,01/01/2013
JURANDA,411295,2013,1047,21,200.573065902579,01/01/2013
JUSSARA,411300,2013,949,15,158.061116965227,01/01/2013
KALORE,411310,2013,910,0,0,01/01/2013
LAPA,411320,2013,5625,0,0,01/01/2013
LARANJAL,411325,2013,590,0,0,01/01/2013
LARANJEIRAS DO SUL,411330,2013,3981,3,7.53579502637528,01/01/2013
LEOPOLIS,411340,2013,703,0,0,01/01/2013
LIDIANOPOLIS,411342,2013,755,0,0,01/01/2013
LINDOESTE,411345,2013,836,0,0,01/01/2013
LOANDA,411350,2013,2944,0,0,01/01/2013
LOBATO,411360,2013,584,0,0,01/01/2013
LONDRINA,411370,2013,75188,212,28.1959887216045,01/01/2013
LUIZIANA,411373,2013,897,2,22.2965440356745,01/01/2013
LUNARDELLI,411375,2013,873,0,0,01/01/2013
LUPIONOPOLIS,411380,2013,779,1,12.8369704749679,01/01/2013
MALLET,411390,2013,1822,0,0,01/01/2013
MAMBORE,411400,2013,1924,17,88.3575883575884,01/01/2013
MANDAGUACU,411410,2013,2741,0,0,01/01/2013
MANDAGUARI,411420,2013,5146,1,1.94325689856199,01/01/2013
MANDIRITUBA,411430,2013,2736,0,0,01/01/2013
MANFRINOPOLIS,411435,2013,408,0,0,01/01/2013
MANGUEIRINHA,411440,2013,1898,0,0,01/01/2013
MANOEL RIBAS,411450,2013,1734,0,0,01/01/2013
MARECHAL CANDIDO RONDON,411460,2013,6876,0,0,01/01/2013
MARIA HELENA,411470,2013,945,0,0,01/01/2013
MARIALVA,411480,2013,4845,0,0,01/01/2013
MARILANDIA DO SUL,411490,2013,1246,0,0,01/01/2013
MARILENA,411500,2013,1088,1,9.19117647058824,01/01/2013
MARILUZ,411510,2013,1435,0,0,01/01/2013
MARINGA,411520,2013,51693,214,41.3982550828932,01/01/2013
MARIOPOLIS,411530,2013,924,0,0,01/01/2013
MARIPA,411535,2013,1023,0,0,01/01/2013
MARMELEIRO,411540,2013,2018,4,19.8216055500496,01/01/2013
MARQUINHO,411545,2013,598,2,33.4448160535117,01/01/2013
MARUMBI,411550,2013,722,0,0,01/01/2013
MATELANDIA,411560,2013,2092,0,0,01/01/2013
MATINHOS,411570,2013,4459,0,0,01/01/2013
MATO RICO,411573,2013,497,0,0,01/01/2013
MAUA DA SERRA,411575,2013,848,0,0,01/01/2013
MEDIANEIRA,411580,2013,5117,0,0,01/01/2013
MERCEDES,411585,2013,819,0,0,01/01/2013
MIRADOR,411590,2013,321,1,31.1526479750779,01/01/2013
MIRASELVA,411600,2013,370,0,0,01/01/2013
MISSAL,411605,2013,1818,0,0,01/01/2013
MOREIRA SALES,411610,2013,2112,20,94.6969696969697,01/01/2013
MORRETES,411620,2013,2248,0,0,01/01/2013
MUNHOZ DE MELO,411630,2013,688,0,0,01/01/2013
NOSSA SENHORA DAS GRACAS,411640,2013,561,0,0,01/01/2013
NOVA ALIANCA DO IVAI,411650,2013,164,0,0,01/01/2013
NOVA AMERICA DA COLINA,411660,2013,482,0,0,01/01/2013
NOVA AURORA,411670,2013,1864,0,0,01/01/2013
NOVA CANTU,411680,2013,993,16,161.127895266868,01/01/2013
NOVA ESPERANCA,411690,2013,4088,0,0,01/01/2013
NOVA ESPERANCA DO SUDOESTE,411695,2013,709,0,0,01/01/2013
NOVA FATIMA,411700,2013,1249,0,0,01/01/2013
NOVA LARANJEIRAS,411705,2013,1361,1,7.34753857457752,01/01/2013
NOVA LONDRINA,411710,2013,1797,0,0,01/01/2013
NOVA OLIMPIA,411720,2013,961,0,0,01/01/2013
NOVA SANTA BARBARA,411721,2013,695,0,0,01/01/2013
NOVA SANTA ROSA,411722,2013,1319,0,0,01/01/2013
NOVA PRATA DO IGUACU,411725,2013,1496,0,0,01/01/2013
NOVA TEBAS,411727,2013,1113,0,0,01/01/2013
NOVO ITACOLOMI,411729,2013,490,0,0,01/01/2013
ORTIGUEIRA,411730,2013,3037,0,0,01/01/2013
OURIZONA,411740,2013,578,1,17.3010380622837,01/01/2013
OURO VERDE DO OESTE,411745,2013,813,0,0,01/01/2013
PAICANDU,411750,2013,4277,0,0,01/01/2013
PALMAS,411760,2013,3772,2,5.30222693531283,01/01/2013
PALMEIRA,411770,2013,3816,0,0,01/01/2013
PALMITAL,411780,2013,1844,1,5.42299349240781,01/01/2013
PALOTINA,411790,2013,4093,0,0,01/01/2013
PARAISO DO NORTE,411800,2013,1578,1,6.33713561470215,01/01/2013
PARANACITY,411810,2013,1251,0,0,01/01/2013
PARANAGUA,411820,2013,14272,0,0,01/01/2013
PARANAPOEMA,411830,2013,308,0,0,01/01/2013
PARANAVAI,411840,2013,12324,3,2.43427458617332,01/01/2013
PATO BRAGADO,411845,2013,761,0,0,01/01/2013
PATO BRANCO,411850,2013,8764,117,133.500684618896,01/01/2013
PAULA FREITAS,411860,2013,779,22,282.413350449294,01/01/2013
PAULO FRONTIN,411870,2013,999,14,140.14014014014,01/01/2013
PEABIRU,411880,2013,1929,12,62.2083981337481,01/01/2013
PEROBAL,411885,2013,872,0,0,01/01/2013
PEROLA,411890,2013,1820,0,0,01/01/2013
PEROLA D'OESTE,411900,2013,1120,0,0,01/01/2013
PIEN,411910,2013,1159,0,0,01/01/2013
PINHAIS,411915,2013,11604,0,0,01/01/2013
PINHALAO,411920,2013,931,1,10.7411385606874,01/01/2013
PINHAL DE SAO BENTO,411925,2013,343,0,0,01/01/2013
PINHAO,411930,2013,2949,8,27.1278399457443,01/01/2013
PIRAI DO SUL,411940,2013,3043,0,0,01/01/2013
PIRAQUARA,411950,2013,7301,0,0,01/01/2013
PITANGA,411960,2013,3978,82,206.1337355455,01/01/2013
PITANGUEIRAS,411965,2013,381,0,0,01/01/2013
PLANALTINA DO PARANA,411970,2013,630,1,15.8730158730159,01/01/2013
PLANALTO,411980,2013,2325,1,4.3010752688172,01/01/2013
PONTA GROSSA,411990,2013,36890,0,0,01/01/2013
PONTAL DO PARANA,411995,2013,3469,0,0,01/01/2013
PORECATU,412000,2013,2212,1,4.52079566003617,01/01/2013
PORTO AMAZONAS,412010,2013,560,0,0,01/01/2013
PORTO BARREIRO,412015,2013,452,0,0,01/01/2013
PORTO RICO,412020,2013,324,4,123.456790123457,01/01/2013
PORTO VITORIA,412030,2013,570,11,192.982456140351,01/01/2013
PRADO FERREIRA,412033,2013,513,0,0,01/01/2013
PRANCHITA,412035,2013,915,1,10.9289617486339,01/01/2013
PRESIDENTE CASTELO BRANCO,412040,2013,595,0,0,01/01/2013
PRIMEIRO DE MAIO,412050,2013,1922,2,10.4058272632674,01/01/2013
PRUDENTOPOLIS,412060,2013,6426,33,51.3538748832867,01/01/2013
QUARTO CENTENARIO,412065,2013,675,12,177.777777777778,01/01/2013
QUATIGUA,412070,2013,1159,12,103.537532355479,01/01/2013
QUATRO BARRAS,412080,2013,1967,0,0,01/01/2013
QUATRO PONTES,412085,2013,675,0,0,01/01/2013
QUEDAS DO IGUACU,412090,2013,3665,0,0,01/01/2013
QUERENCIA DO NORTE,412100,2013,1525,0,0,01/01/2013
QUINTA DO SOL,412110,2013,768,16,208.333333333333,01/01/2013
QUITANDINHA,412120,2013,2292,0,0,01/01/2013
RAMILANDIA,412125,2013,531,0,0,01/01/2013
RANCHO ALEGRE,412130,2013,751,0,0,01/01/2013
RANCHO ALEGRE D'OESTE,412135,2013,411,5,121.654501216545,01/01/2013
REALEZA,412140,2013,2483,16,64.4381796214257,01/01/2013
REBOUCAS,412150,2013,1852,0,0,01/01/2013
RENASCENCA,412160,2013,886,0,0,01/01/2013
RESERVA,412170,2013,2897,0,0,01/01/2013
RESERVA DO IGUACU,412175,2013,631,3,47.5435816164818,01/01/2013
RIBEIRAO CLARO,412180,2013,1732,6,34.6420323325635,01/01/2013
RIBEIRAO DO PINHAL,412190,2013,2215,0,0,01/01/2013
RIO AZUL,412200,2013,1696,0,0,01/01/2013
RIO BOM,412210,2013,637,0,0,01/01/2013
RIO BONITO DO IGUACU,412215,2013,1487,0,0,01/01/2013
RIO BRANCO DO IVAI,412217,2013,478,0,0,01/01/2013
RIO BRANCO DO SUL,412220,2013,2753,1,3.63240101707229,01/01/2013
RIO NEGRO,412230,2013,3873,0,0,01/01/2013
ROLANDIA,412240,2013,8103,6,7.40466493891151,01/01/2013
RONCADOR,412250,2013,1599,7,43.7773608505316,01/01/2013
RONDON,412260,2013,1227,67,546.047269763651,01/01/2013
ROSARIO DO IVAI,412265,2013,906,0,0,01/01/2013
SABAUDIA,412270,2013,903,0,0,01/01/2013
SALGADO FILHO,412280,2013,654,0,0,01/01/2013
SALTO DO ITARARE,412290,2013,914,0,0,01/01/2013
SALTO DO LONTRA,412300,2013,1797,0,0,01/01/2013
SANTA AMELIA,412310,2013,610,0,0,01/01/2013
SANTA CECILIA DO PAVAO,412320,2013,597,0,0,01/01/2013
SANTA CRUZ DE MONTE CASTELO,412330,2013,1274,0,0,01/01/2013
SANTA FE,412340,2013,1636,1,6.11246943765281,01/01/2013
SANTA HELENA,412350,2013,3615,0,0,01/01/2013
SANTA INES,412360,2013,265,0,0,01/01/2013
SANTA ISABEL DO IVAI,412370,2013,1572,2,12.7226463104326,01/01/2013
SANTA IZABEL DO OESTE,412380,2013,1915,0,0,01/01/2013
SANTA LUCIA,412382,2013,698,0,0,01/01/2013
SANTA MARIA DO OESTE,412385,2013,1361,0,0,01/01/2013
SANTA MARIANA,412390,2013,2294,0,0,01/01/2013
SANTA MONICA,412395,2013,453,0,0,01/01/2013
SANTANA DO ITARARE,412400,2013,778,1,12.853470437018,01/01/2013
SANTA TEREZA DO OESTE,412402,2013,1089,0,0,01/01/2013
SANTA TEREZINHA DE ITAIPU,412405,2013,2581,6,23.2468035645099,01/01/2013
SANTO ANTONIO DA PLATINA,412410,2013,6089,7,11.4961405813763,01/01/2013
SANTO ANTONIO DO CAIUA,412420,2013,434,0,0,01/01/2013
SANTO ANTONIO DO PARAISO,412430,2013,372,0,0,01/01/2013
SANTO ANTONIO DO SUDOESTE,412440,2013,2648,1,3.77643504531722,01/01/2013
SANTO INACIO,412450,2013,755,0,0,01/01/2013
SAO CARLOS DO IVAI,412460,2013,863,3,34.7624565469293,01/01/2013
SAO JERONIMO DA SERRA,412470,2013,1587,0,0,01/01/2013
SAO JOAO,412480,2013,1744,1,5.73394495412844,01/01/2013
SAO JOAO DO CAIUA,412490,2013,848,1,11.7924528301887,01/01/2013
SAO JOAO DO IVAI,412500,2013,2026,0,0,01/01/2013
SAO JOAO DO TRIUNFO,412510,2013,1454,0,0,01/01/2013
SAO JORGE D'OESTE,412520,2013,1400,1,7.14285714285714,01/01/2013
SAO JORGE DO IVAI,412530,2013,1006,0,0,01/01/2013
SAO JORGE DO PATROCINIO,412535,2013,1116,0,0,01/01/2013
SAO JOSE DA BOA VISTA,412540,2013,1024,0,0,01/01/2013
SAO JOSE DAS PALMEIRAS,412545,2013,569,0,0,01/01/2013
SAO JOSE DOS PINHAIS,412550,2013,23715,1,0.421674045962471,01/01/2013
SAO MANOEL DO PARANA,412555,2013,364,10,274.725274725275,01/01/2013
SAO MATEUS DO SUL,412560,2013,4608,36,78.125,01/01/2013
SAO MIGUEL DO IGUACU,412570,2013,3419,0,0,01/01/2013
SAO PEDRO DO IGUACU,412575,2013,1060,0,0,01/01/2013
SAO PEDRO DO IVAI,412580,2013,1391,0,0,01/01/2013
SAO PEDRO DO PARANA,412590,2013,394,1,25.3807106598985,01/01/2013
SAO SEBASTIAO DA AMOREIRA,412600,2013,1277,0,0,01/01/2013
SAO TOME,412610,2013,720,33,458.333333333333,01/01/2013
SAPOPEMA,412620,2013,890,0,0,01/01/2013
SARANDI,412625,2013,9458,0,0,01/01/2013
SAUDADE DO IGUACU,412627,2013,665,0,0,01/01/2013
SENGES,412630,2013,1819,0,0,01/01/2013
SERRANOPOLIS DO IGUACU,412635,2013,867,1,11.5340253748558,01/01/2013
SERTANEJA,412640,2013,1056,0,0,01/01/2013
SERTANOPOLIS,412650,2013,2430,4,16.4609053497942,01/01/2013
SIQUEIRA CAMPOS,412660,2013,2680,2,7.46268656716418,01/01/2013
SULINA,412665,2013,608,0,0,01/01/2013
TAMARANA,412667,2013,1522,2,13.1406044678055,01/01/2013
TAMBOARA,412670,2013,734,0,0,01/01/2013
TAPEJARA,412680,2013,1792,39,217.633928571429,01/01/2013
TAPIRA,412690,2013,1034,0,0,01/01/2013
TEIXEIRA SOARES,412700,2013,1203,0,0,01/01/2013
TELEMACO BORBA,412710,2013,7963,0,0,01/01/2013
TERRA BOA,412720,2013,2396,36,150.25041736227,01/01/2013
TERRA RICA,412730,2013,2282,5,21.9106047326906,01/01/2013
TERRA ROXA,412740,2013,2635,0,0,01/01/2013
TIBAGI,412750,2013,2183,0,0,01/01/2013
TIJUCAS DO SUL,412760,2013,1903,0,0,01/01/2013
TOLEDO,412770,2013,14148,0,0,01/01/2013
TOMAZINA,412780,2013,1379,0,0,01/01/2013
TRES BARRAS DO PARANA,412785,2013,1578,0,0,01/01/2013
TUNAS DO PARANA,412788,2013,443,0,0,01/01/2013
TUNEIRAS DO OESTE,412790,2013,1203,24,199.501246882793,01/01/2013
TUPASSI,412795,2013,1430,0,0,01/01/2013
TURVO,412796,2013,1590,10,62.8930817610063,01/01/2013
UBIRATA,412800,2013,3314,12,36.2100181050091,01/01/2013
UMUARAMA,412810,2013,14483,114,78.7129738313885,01/01/2013
UNIAO DA VITORIA,412820,2013,6735,63,93.5412026726058,01/01/2013
UNIFLOR,412830,2013,373,0,0,01/01/2013
URAI,412840,2013,2133,0,0,01/01/2013
WENCESLAU BRAZ,412850,2013,2819,2,7.09471443774388,01/01/2013
VENTANIA,412853,2013,1067,0,0,01/01/2013
VERA CRUZ DO OESTE,412855,2013,1448,0,0,01/01/2013
VERE,412860,2013,1253,0,0,01/01/2013
ALTO PARAISO,412862,2013,433,0,0,01/01/2013
DOUTOR ULYSSES,412863,2013,640,0,0,01/01/2013
VIRMOND,412865,2013,558,4,71.6845878136201,01/01/2013
VITORINO,412870,2013,962,0,0,01/01/2013
XAMBRE,412880,2013,1119,0,0,01/01/2013
ABATIA,410010,2014,1230,0,0,01/01/2014
ADRIANOPOLIS,410020,2014,1002,0,0,01/01/2014
AGUDOS DO SUL,410030,2014,1116,0,0,01/01/2014
ALMIRANTE TAMANDARE,410040,2014,9242,0,0,01/01/2014
ALTAMIRA DO PARANA,410045,2014,512,9,175.78125,01/01/2014
ALTONIA,410050,2014,3542,9,25.4093732354602,01/01/2014
ALTO PARANA,410060,2014,1971,6,30.441400304414,01/01/2014
ALTO PIQUIRI,410070,2014,1580,0,0,01/01/2014
ALVORADA DO SUL,410080,2014,1710,2,11.6959064327485,01/01/2014
AMAPORA,410090,2014,591,0,0,01/01/2014
AMPERE,410100,2014,2310,12,51.948051948052,01/01/2014
ANAHY,410105,2014,503,1,19.8807157057654,01/01/2014
ANDIRA,410110,2014,3442,0,0,01/01/2014
ANGULO,410115,2014,416,0,0,01/01/2014
ANTONINA,410120,2014,2970,0,0,01/01/2014
ANTONIO OLINTO,410130,2014,1164,2,17.1821305841924,01/01/2014
APUCARANA,410140,2014,18036,0,0,01/01/2014
ARAPONGAS,410150,2014,14933,0,0,01/01/2014
ARAPOTI,410160,2014,2899,0,0,01/01/2014
ARAPUA,410165,2014,648,0,0,01/01/2014
ARARUNA,410170,2014,2035,33,162.162162162162,01/01/2014
ARAUCARIA,410180,2014,11325,14,12.3620309050773,01/01/2014
ARIRANHA DO IVAI,410185,2014,438,0,0,01/01/2014
ASSAI,410190,2014,2752,0,0,01/01/2014
ASSIS CHATEAUBRIAND,410200,2014,5712,0,0,01/01/2014
ASTORGA,410210,2014,4193,1,2.38492725971858,01/01/2014
ATALAIA,410220,2014,705,0,0,01/01/2014
BALSA NOVA,410230,2014,1345,0,0,01/01/2014
BANDEIRANTES,410240,2014,4958,0,0,01/01/2014
BARBOSA FERRAZ,410250,2014,2239,22,98.2581509602501,01/01/2014
BARRACAO,410260,2014,1365,1,7.32600732600733,01/01/2014
BARRA DO JACARE,410270,2014,534,8,149.812734082397,01/01/2014
BELA VISTA DA CAROBA,410275,2014,647,2,30.9119010819165,01/01/2014
BELA VISTA DO PARAISO,410280,2014,2723,3,11.0172603745869,01/01/2014
BITURUNA,410290,2014,1726,26,150.63731170336,01/01/2014
BOA ESPERANCA,410300,2014,731,10,136.798905608755,01/01/2014
BOA ESPERANCA DO IGUACU,410302,2014,338,0,0,01/01/2014
BOA VENTURA DE SAO ROQUE,410304,2014,694,5,72.0461095100865,01/01/2014
BOA VISTA DA APARECIDA,410305,2014,1298,0,0,01/01/2014
BOCAIUVA DO SUL,410310,2014,1337,0,0,01/01/2014
BOM JESUS DO SUL,410315,2014,713,0,0,01/01/2014
BOM SUCESSO,410320,2014,956,0,0,01/01/2014
BOM SUCESSO DO SUL,410322,2014,554,0,0,01/01/2014
BORRAZOPOLIS,410330,2014,1448,1,6.9060773480663,01/01/2014
BRAGANEY,410335,2014,837,0,0,01/01/2014
BRASILANDIA DO SUL,410337,2014,521,3,57.5815738963532,01/01/2014
CAFEARA,410340,2014,392,1,25.5102040816327,01/01/2014
CAFELANDIA,410345,2014,1589,0,0,01/01/2014
CAFEZAL DO SUL,410347,2014,780,3,38.4615384615385,01/01/2014
CALIFORNIA,410350,2014,1279,0,0,01/01/2014
CAMBARA,410360,2014,3929,3,7.63553066938152,01/01/2014
CAMBE,410370,2014,13820,114,82.4891461649783,01/01/2014
CAMBIRA,410380,2014,1182,0,0,01/01/2014
CAMPINA DA LAGOA,410390,2014,2416,22,91.0596026490066,01/01/2014
CAMPINA DO SIMAO,410395,2014,441,15,340.136054421769,01/01/2014
CAMPINA GRANDE DO SUL,410400,2014,3678,0,0,01/01/2014
CAMPO BONITO,410405,2014,577,0,0,01/01/2014
CAMPO DO TENENTE,410410,2014,741,0,0,01/01/2014
CAMPO LARGO,410420,2014,12986,0,0,01/01/2014
CAMPO MAGRO,410425,2014,2518,0,0,01/01/2014
CAMPO MOURAO,410430,2014,11774,310,263.291999320537,01/01/2014
CANDIDO DE ABREU,410440,2014,2202,0,0,01/01/2014
CANDOI,410442,2014,1579,14,88.6637112096264,01/01/2014
CANTAGALO,410445,2014,1538,2,13.0039011703511,01/01/2014
CAPANEMA,410450,2014,3060,6,19.6078431372549,01/01/2014
CAPITAO LEONIDAS MARQUES,410460,2014,2252,0,0,01/01/2014
CARAMBEI,410465,2014,1706,0,0,01/01/2014
CARLOPOLIS,410470,2014,2130,1,4.69483568075117,01/01/2014
CASCAVEL,410480,2014,32842,21,6.39425126362584,01/01/2014
CASTRO,410490,2014,7383,0,0,01/01/2014
CATANDUVAS,410500,2014,1292,1,7.73993808049536,01/01/2014
CENTENARIO DO SUL,410510,2014,1738,5,28.7686996547756,01/01/2014
CERRO AZUL,410520,2014,2115,0,0,01/01/2014
CEU AZUL,410530,2014,1710,1,5.84795321637427,01/01/2014
CHOPINZINHO,410540,2014,2825,27,95.5752212389381,01/01/2014
CIANORTE,410550,2014,9712,726,747.528830313015,01/01/2014
CIDADE GAUCHA,410560,2014,1436,6,41.7827298050139,01/01/2014
CLEVELANDIA,410570,2014,2427,1,4.12031314379893,01/01/2014
COLOMBO,410580,2014,19723,0,0,01/01/2014
COLORADO,410590,2014,3600,0,0,01/01/2014
CONGONHINHAS,410600,2014,1328,0,0,01/01/2014
CONSELHEIRO MAIRINCK,410610,2014,594,0,0,01/01/2014
CONTENDA,410620,2014,2042,0,0,01/01/2014
CORBELIA,410630,2014,2340,0,0,01/01/2014
CORNELIO PROCOPIO,410640,2014,8033,0,0,01/01/2014
CORONEL DOMINGOS SOARES,410645,2014,666,1,15.015015015015,01/01/2014
CORONEL VIVIDA,410650,2014,3388,7,20.6611570247934,01/01/2014
CORUMBATAI DO SUL,410655,2014,658,26,395.136778115502,01/01/2014
CRUZEIRO DO IGUACU,410657,2014,612,1,16.3398692810458,01/01/2014
CRUZEIRO DO OESTE,410660,2014,3365,11,32.6894502228826,01/01/2014
CRUZEIRO DO SUL,410670,2014,665,0,0,01/01/2014
CRUZ MACHADO,410680,2014,2175,7,32.183908045977,01/01/2014
CRUZMALTINA,410685,2014,500,0,0,01/01/2014
CURITIBA,410690,2014,243179,32,1.31590310018546,01/01/2014
CURIUVA,410700,2014,1881,0,0,01/01/2014
DIAMANTE DO NORTE,410710,2014,958,1,10.4384133611691,01/01/2014
DIAMANTE DO SUL,410712,2014,425,0,0,01/01/2014
DIAMANTE D'OESTE,410715,2014,751,0,0,01/01/2014
DOIS VIZINHOS,410720,2014,4552,50,109.841827768014,01/01/2014
DOURADINA,410725,2014,1111,2,18.001800180018,01/01/2014
DOUTOR CAMARGO,410730,2014,1166,0,0,01/01/2014
ENEAS MARQUES,410740,2014,877,0,0,01/01/2014
ENGENHEIRO BELTRAO,410750,2014,2110,66,312.796208530806,01/01/2014
ESPERANCA NOVA,410752,2014,390,3,76.9230769230769,01/01/2014
ENTRE RIOS DO OESTE,410753,2014,637,0,0,01/01/2014
ESPIGAO ALTO DO IGUACU,410754,2014,726,0,0,01/01/2014
FAROL,410755,2014,491,6,122.199592668024,01/01/2014
FAXINAL,410760,2014,2520,0,0,01/01/2014
FAZENDA RIO GRANDE,410765,2014,6677,0,0,01/01/2014
FENIX,410770,2014,822,15,182.481751824818,01/01/2014
FERNANDES PINHEIRO,410773,2014,666,0,0,01/01/2014
FIGUEIRA,410775,2014,1336,3,22.4550898203593,01/01/2014
FLORAI,410780,2014,1039,0,0,01/01/2014
FLOR DA SERRA DO SUL,410785,2014,676,0,0,01/01/2014
FLORESTA,410790,2014,908,0,0,01/01/2014
FLORESTOPOLIS,410800,2014,1418,5,35.2609308885755,01/01/2014
FLORIDA,410810,2014,409,0,0,01/01/2014
FORMOSA DO OESTE,410820,2014,1472,0,0,01/01/2014
FOZ DO IGUACU,410830,2014,25960,147,56.6255778120185,01/01/2014
FRANCISCO ALVES,410832,2014,1204,8,66.4451827242525,01/01/2014
FRANCISCO BELTRAO,410840,2014,10164,47,46.2416371507281,01/01/2014
FOZ DO JORDAO,410845,2014,598,5,83.6120401337793,01/01/2014
GENERAL CARNEIRO,410850,2014,1419,1,7.04721634954193,01/01/2014
GODOY MOREIRA,410855,2014,616,0,0,01/01/2014
GOIOERE,410860,2014,4522,135,298.540468819107,01/01/2014
GOIOXIM,410865,2014,811,0,0,01/01/2014
GRANDES RIOS,410870,2014,967,0,0,01/01/2014
GUAIRA,410880,2014,4334,0,0,01/01/2014
GUAIRACA,410890,2014,910,0,0,01/01/2014
GUAMIRANGA,410895,2014,942,0,0,01/01/2014
GUAPIRAMA,410900,2014,552,0,0,01/01/2014
GUAPOREMA,410910,2014,361,15,415.512465373961,01/01/2014
GUARACI,410920,2014,855,0,0,01/01/2014
GUARANIACU,410930,2014,2173,0,0,01/01/2014
GUARAPUAVA,410940,2014,19095,51,26.7085624509034,01/01/2014
GUARAQUECABA,410950,2014,996,0,0,01/01/2014
GUARATUBA,410960,2014,4756,0,0,01/01/2014
HONORIO SERPA,410965,2014,688,2,29.0697674418605,01/01/2014
IBAITI,410970,2014,4108,2,4.86854917234664,01/01/2014
IBEMA,410975,2014,810,0,0,01/01/2014
IBIPORA,410980,2014,7212,14,19.4120909595119,01/01/2014
ICARAIMA,410990,2014,1524,5,32.8083989501312,01/01/2014
IGUARACU,411000,2014,577,0,0,01/01/2014
IGUATU,411005,2014,371,0,0,01/01/2014
IMBAU,411007,2014,1376,0,0,01/01/2014
IMBITUVA,411010,2014,3108,0,0,01/01/2014
INACIO MARTINS,411020,2014,1103,0,0,01/01/2014
INAJA,411030,2014,465,1,21.505376344086,01/01/2014
INDIANOPOLIS,411040,2014,788,5,63.4517766497462,01/01/2014
IPIRANGA,411050,2014,1542,0,0,01/01/2014
IPORA,411060,2014,2638,15,56.8612585291888,01/01/2014
IRACEMA DO OESTE,411065,2014,422,0,0,01/01/2014
IRATI,411070,2014,7612,0,0,01/01/2014
IRETAMA,411080,2014,1671,48,287.253141831239,01/01/2014
ITAGUAJE,411090,2014,650,0,0,01/01/2014
ITAIPULANDIA,411095,2014,1332,0,0,01/01/2014
ITAMBARACA,411100,2014,1140,0,0,01/01/2014
ITAMBE,411110,2014,934,0,0,01/01/2014
ITAPEJARA D'OESTE,411120,2014,1711,0,0,01/01/2014
ITAPERUCU,411125,2014,1967,0,0,01/01/2014
ITAUNA DO SUL,411130,2014,555,0,0,01/01/2014
IVAI,411140,2014,1537,0,0,01/01/2014
IVAIPORA,411150,2014,5360,0,0,01/01/2014
IVATE,411155,2014,1061,6,56.550424128181,01/01/2014
IVATUBA,411160,2014,475,0,0,01/01/2014
JABOTI,411170,2014,774,0,0,01/01/2014
JACAREZINHO,411180,2014,5467,8,14.6332540698738,01/01/2014
JAGUAPITA,411190,2014,1821,5,27.4574409665019,01/01/2014
JAGUARIAIVA,411200,2014,3392,0,0,01/01/2014
JANDAIA DO SUL,411210,2014,3558,0,0,01/01/2014
JANIOPOLIS,411220,2014,1139,21,184.372256365233,01/01/2014
JAPIRA,411230,2014,775,2,25.8064516129032,01/01/2014
JAPURA,411240,2014,1539,74,480.831708901884,01/01/2014
JARDIM ALEGRE,411250,2014,2147,0,0,01/01/2014
JARDIM OLINDA,411260,2014,185,0,0,01/01/2014
JATAIZINHO,411270,2014,1621,2,12.3380629241209,01/01/2014
JESUITAS,411275,2014,1738,0,0,01/01/2014
JOAQUIM TAVORA,411280,2014,1688,4,23.696682464455,01/01/2014
JUNDIAI DO SUL,411290,2014,560,1,17.8571428571429,01/01/2014
JURANDA,411295,2014,1087,21,193.192272309108,01/01/2014
JUSSARA,411300,2014,977,35,358.239508700102,01/01/2014
KALORE,411310,2014,928,0,0,01/01/2014
LAPA,411320,2014,5844,0,0,01/01/2014
LARANJAL,411325,2014,608,0,0,01/01/2014
LARANJEIRAS DO SUL,411330,2014,4142,8,19.3143408981169,01/01/2014
LEOPOLIS,411340,2014,732,0,0,01/01/2014
LIDIANOPOLIS,411342,2014,768,0,0,01/01/2014
LINDOESTE,411345,2014,862,0,0,01/01/2014
LOANDA,411350,2014,3032,4,13.1926121372032,01/01/2014
LOBATO,411360,2014,609,0,0,01/01/2014
LONDRINA,411370,2014,78744,311,39.4950726404551,01/01/2014
LUIZIANA,411373,2014,920,11,119.565217391304,01/01/2014
LUNARDELLI,411375,2014,890,0,0,01/01/2014
LUPIONOPOLIS,411380,2014,802,3,37.4064837905237,01/01/2014
MALLET,411390,2014,1875,0,0,01/01/2014
MAMBORE,411400,2014,1990,25,125.628140703518,01/01/2014
MANDAGUACU,411410,2014,2859,2,6.99545295557887,01/01/2014
MANDAGUARI,411420,2014,5338,2,3.74672161858374,01/01/2014
MANDIRITUBA,411430,2014,2859,0,0,01/01/2014
MANFRINOPOLIS,411435,2014,421,0,0,01/01/2014
MANGUEIRINHA,411440,2014,1972,0,0,01/01/2014
MANOEL RIBAS,411450,2014,1783,0,0,01/01/2014
MARECHAL CANDIDO RONDON,411460,2014,7166,0,0,01/01/2014
MARIA HELENA,411470,2014,957,1,10.4493207941484,01/01/2014
MARIALVA,411480,2014,5080,0,0,01/01/2014
MARILANDIA DO SUL,411490,2014,1281,0,0,01/01/2014
MARILENA,411500,2014,1124,0,0,01/01/2014
MARILUZ,411510,2014,1461,4,27.378507871321,01/01/2014
MARINGA,411520,2014,54501,418,76.6958404432946,01/01/2014
MARIOPOLIS,411530,2014,959,0,0,01/01/2014
MARIPA,411535,2014,1047,0,0,01/01/2014
MARMELEIRO,411540,2014,2096,10,47.7099236641221,01/01/2014
MARQUINHO,411545,2014,623,0,0,01/01/2014
MARUMBI,411550,2014,739,0,0,01/01/2014
MATELANDIA,411560,2014,2183,0,0,01/01/2014
MATINHOS,411570,2014,4760,0,0,01/01/2014
MATO RICO,411573,2014,513,0,0,01/01/2014
MAUA DA SERRA,411575,2014,893,0,0,01/01/2014
MEDIANEIRA,411580,2014,5376,2,3.7202380952381,01/01/2014
MERCEDES,411585,2014,846,0,0,01/01/2014
MIRADOR,411590,2014,325,2,61.5384615384615,01/01/2014
MIRASELVA,411600,2014,383,0,0,01/01/2014
MISSAL,411605,2014,1884,0,0,01/01/2014
MOREIRA SALES,411610,2014,2174,22,101.195952161914,01/01/2014
MORRETES,411620,2014,2312,0,0,01/01/2014
MUNHOZ DE MELO,411630,2014,710,1,14.0845070422535,01/01/2014
NOSSA SENHORA DAS GRACAS,411640,2014,577,0,0,01/01/2014
NOVA ALIANCA DO IVAI,411650,2014,168,0,0,01/01/2014
NOVA AMERICA DA COLINA,411660,2014,497,0,0,01/01/2014
NOVA AURORA,411670,2014,1913,0,0,01/01/2014
NOVA CANTU,411680,2014,998,29,290.581162324649,01/01/2014
NOVA ESPERANCA,411690,2014,4233,0,0,01/01/2014
NOVA ESPERANCA DO SUDOESTE,411695,2014,729,0,0,01/01/2014
NOVA FATIMA,411700,2014,1288,0,0,01/01/2014
NOVA LARANJEIRAS,411705,2014,1403,2,14.2551674982181,01/01/2014
NOVA LONDRINA,411710,2014,1853,0,0,01/01/2014
NOVA OLIMPIA,411720,2014,983,2,20.3458799593082,01/01/2014
NOVA SANTA BARBARA,411721,2014,718,0,0,01/01/2014
NOVA SANTA ROSA,411722,2014,1357,0,0,01/01/2014
NOVA PRATA DO IGUACU,411725,2014,1539,0,0,01/01/2014
NOVA TEBAS,411727,2014,1129,0,0,01/01/2014
NOVO ITACOLOMI,411729,2014,502,0,0,01/01/2014
ORTIGUEIRA,411730,2014,3090,0,0,01/01/2014
OURIZONA,411740,2014,594,0,0,01/01/2014
OURO VERDE DO OESTE,411745,2014,838,0,0,01/01/2014
PAICANDU,411750,2014,4490,0,0,01/01/2014
PALMAS,411760,2014,3939,13,33.003300330033,01/01/2014
PALMEIRA,411770,2014,3938,0,0,01/01/2014
PALMITAL,411780,2014,1893,3,15.8478605388273,01/01/2014
PALOTINA,411790,2014,4284,0,0,01/01/2014
PARAISO DO NORTE,411800,2014,1630,2,12.2699386503067,01/01/2014
PARANACITY,411810,2014,1284,0,0,01/01/2014
PARANAGUA,411820,2014,14841,16,10.7809446802776,01/01/2014
PARANAPOEMA,411830,2014,316,0,0,01/01/2014
PARANAVAI,411840,2014,12760,5,3.91849529780564,01/01/2014
PATO BRAGADO,411845,2014,783,0,0,01/01/2014
PATO BRANCO,411850,2014,9254,170,183.70434406743,01/01/2014
PAULA FREITAS,411860,2014,802,12,149.625935162095,01/01/2014
PAULO FRONTIN,411870,2014,1038,22,211.946050096339,01/01/2014
PEABIRU,411880,2014,1976,71,359.311740890688,01/01/2014
PEROBAL,411885,2014,893,3,33.5946248600224,01/01/2014
PEROLA,411890,2014,1870,4,21.3903743315508,01/01/2014
PEROLA D'OESTE,411900,2014,1158,0,0,01/01/2014
PIEN,411910,2014,1216,1,8.22368421052632,01/01/2014
PINHAIS,411915,2014,12218,0,0,01/01/2014
PINHALAO,411920,2014,959,1,10.4275286757039,01/01/2014
PINHAL DE SAO BENTO,411925,2014,357,0,0,01/01/2014
PINHAO,411930,2014,3088,11,35.6217616580311,01/01/2014
PIRAI DO SUL,411940,2014,3140,0,0,01/01/2014
PIRAQUARA,411950,2014,7723,0,0,01/01/2014
PITANGA,411960,2014,4081,49,120.068610634648,01/01/2014
PITANGUEIRAS,411965,2014,392,0,0,01/01/2014
PLANALTINA DO PARANA,411970,2014,645,1,15.5038759689922,01/01/2014
PLANALTO,411980,2014,2403,1,4.16146483562214,01/01/2014
PONTA GROSSA,411990,2014,38396,0,0,01/01/2014
PONTAL DO PARANA,411995,2014,3708,0,0,01/01/2014
PORECATU,412000,2014,2257,4,17.7226406734603,01/01/2014
PORTO AMAZONAS,412010,2014,584,0,0,01/01/2014
PORTO BARREIRO,412015,2014,464,0,0,01/01/2014
PORTO RICO,412020,2014,333,0,0,01/01/2014
PORTO VITORIA,412030,2014,590,11,186.440677966102,01/01/2014
PRADO FERREIRA,412033,2014,529,0,0,01/01/2014
PRANCHITA,412035,2014,946,0,0,01/01/2014
PRESIDENTE CASTELO BRANCO,412040,2014,622,0,0,01/01/2014
PRIMEIRO DE MAIO,412050,2014,1997,3,15.0225338007011,01/01/2014
PRUDENTOPOLIS,412060,2014,6645,50,75.2445447705041,01/01/2014
QUARTO CENTENARIO,412065,2014,690,19,275.36231884058,01/01/2014
QUATIGUA,412070,2014,1200,3,25,01/01/2014
QUATRO BARRAS,412080,2014,2072,0,0,01/01/2014
QUATRO PONTES,412085,2014,696,0,0,01/01/2014
QUEDAS DO IGUACU,412090,2014,3837,0,0,01/01/2014
QUERENCIA DO NORTE,412100,2014,1580,0,0,01/01/2014
QUINTA DO SOL,412110,2014,787,19,241.423125794155,01/01/2014
QUITANDINHA,412120,2014,2366,0,0,01/01/2014
RAMILANDIA,412125,2014,547,0,0,01/01/2014
RANCHO ALEGRE,412130,2014,771,0,0,01/01/2014
RANCHO ALEGRE D'OESTE,412135,2014,425,14,329.411764705882,01/01/2014
REALEZA,412140,2014,2575,1,3.88349514563107,01/01/2014
REBOUCAS,412150,2014,1911,0,0,01/01/2014
RENASCENCA,412160,2014,915,1,10.9289617486339,01/01/2014
RESERVA,412170,2014,2960,0,0,01/01/2014
RESERVA DO IGUACU,412175,2014,670,3,44.7761194029851,01/01/2014
RIBEIRAO CLARO,412180,2014,1772,3,16.9300225733634,01/01/2014
RIBEIRAO DO PINHAL,412190,2014,2273,0,0,01/01/2014
RIO AZUL,412200,2014,1746,0,0,01/01/2014
RIO BOM,412210,2014,650,0,0,01/01/2014
RIO BONITO DO IGUACU,412215,2014,1580,0,0,01/01/2014
RIO BRANCO DO IVAI,412217,2014,495,0,0,01/01/2014
RIO BRANCO DO SUL,412220,2014,2841,0,0,01/01/2014
RIO NEGRO,412230,2014,4027,0,0,01/01/2014
ROLANDIA,412240,2014,8418,4,4.75172249940604,01/01/2014
RONCADOR,412250,2014,1628,21,128.992628992629,01/01/2014
RONDON,412260,2014,1266,85,671.406003159558,01/01/2014
ROSARIO DO IVAI,412265,2014,909,0,0,01/01/2014
SABAUDIA,412270,2014,951,0,0,01/01/2014
SALGADO FILHO,412280,2014,670,1,14.9253731343284,01/01/2014
SALTO DO ITARARE,412290,2014,940,2,21.2765957446809,01/01/2014
SALTO DO LONTRA,412300,2014,1853,0,0,01/01/2014
SANTA AMELIA,412310,2014,625,0,0,01/01/2014
SANTA CECILIA DO PAVAO,412320,2014,609,0,0,01/01/2014
SANTA CRUZ DE MONTE CASTELO,412330,2014,1296,2,15.4320987654321,01/01/2014
SANTA FE,412340,2014,1707,0,0,01/01/2014
SANTA HELENA,412350,2014,3789,0,0,01/01/2014
SANTA INES,412360,2014,266,0,0,01/01/2014
SANTA ISABEL DO IVAI,412370,2014,1609,1,6.21504039776259,01/01/2014
SANTA IZABEL DO OESTE,412380,2014,1986,0,0,01/01/2014
SANTA LUCIA,412382,2014,715,0,0,01/01/2014
SANTA MARIA DO OESTE,412385,2014,1387,0,0,01/01/2014
SANTA MARIANA,412390,2014,2347,0,0,01/01/2014
SANTA MONICA,412395,2014,457,1,21.8818380743983,01/01/2014
SANTANA DO ITARARE,412400,2014,798,2,25.062656641604,01/01/2014
SANTA TEREZA DO OESTE,412402,2014,1117,1,8.95255147717099,01/01/2014
SANTA TEREZINHA DE ITAIPU,412405,2014,2733,1,3.65898280278083,01/01/2014
SANTO ANTONIO DA PLATINA,412410,2014,6309,12,19.020446980504,01/01/2014
SANTO ANTONIO DO CAIUA,412420,2014,441,1,22.6757369614512,01/01/2014
SANTO ANTONIO DO PARAISO,412430,2014,380,0,0,01/01/2014
SANTO ANTONIO DO SUDOESTE,412440,2014,2744,0,0,01/01/2014
SANTO INACIO,412450,2014,777,0,0,01/01/2014
SAO CARLOS DO IVAI,412460,2014,894,4,44.7427293064877,01/01/2014
SAO JERONIMO DA SERRA,412470,2014,1622,0,0,01/01/2014
SAO JOAO,412480,2014,1805,0,0,01/01/2014
SAO JOAO DO CAIUA,412490,2014,870,0,0,01/01/2014
SAO JOAO DO IVAI,412500,2014,2080,0,0,01/01/2014
SAO JOAO DO TRIUNFO,412510,2014,1500,0,0,01/01/2014
SAO JORGE D'OESTE,412520,2014,1442,0,0,01/01/2014
SAO JORGE DO IVAI,412530,2014,1037,0,0,01/01/2014
SAO JORGE DO PATROCINIO,412535,2014,1151,15,130.321459600348,01/01/2014
SAO JOSE DA BOA VISTA,412540,2014,1049,0,0,01/01/2014
SAO JOSE DAS PALMEIRAS,412545,2014,579,0,0,01/01/2014
SAO JOSE DOS PINHAIS,412550,2014,25111,1,0.39823185058341,01/01/2014
SAO MANOEL DO PARANA,412555,2014,379,11,290.23746701847,01/01/2014
SAO MATEUS DO SUL,412560,2014,4786,53,110.739657333891,01/01/2014
SAO MIGUEL DO IGUACU,412570,2014,3579,0,0,01/01/2014
SAO PEDRO DO IGUACU,412575,2014,1089,0,0,01/01/2014
SAO PEDRO DO IVAI,412580,2014,1444,0,0,01/01/2014
SAO PEDRO DO PARANA,412590,2014,403,3,74.4416873449132,01/01/2014
SAO SEBASTIAO DA AMOREIRA,412600,2014,1316,0,0,01/01/2014
SAO TOME,412610,2014,747,40,535.475234270415,01/01/2014
SAPOPEMA,412620,2014,912,0,0,01/01/2014
SARANDI,412625,2014,9928,1,1.00725221595488,01/01/2014
SAUDADE DO IGUACU,412627,2014,701,1,14.265335235378,01/01/2014
SENGES,412630,2014,1879,0,0,01/01/2014
SERRANOPOLIS DO IGUACU,412635,2014,898,0,0,01/01/2014
SERTANEJA,412640,2014,1088,0,0,01/01/2014
SERTANOPOLIS,412650,2014,2521,4,15.8667195557319,01/01/2014
SIQUEIRA CAMPOS,412660,2014,2770,1,3.6101083032491,01/01/2014
SULINA,412665,2014,622,0,0,01/01/2014
TAMARANA,412667,2014,1592,4,25.1256281407035,01/01/2014
TAMBOARA,412670,2014,753,0,0,01/01/2014
TAPEJARA,412680,2014,1846,58,314.192849404117,01/01/2014
TAPIRA,412690,2014,1042,1,9.59692898272553,01/01/2014
TEIXEIRA SOARES,412700,2014,1251,0,0,01/01/2014
TELEMACO BORBA,412710,2014,8253,0,0,01/01/2014
TERRA BOA,412720,2014,2459,74,300.935339568931,01/01/2014
TERRA RICA,412730,2014,2344,0,0,01/01/2014
TERRA ROXA,412740,2014,2711,0,0,01/01/2014
TIBAGI,412750,2014,2248,0,0,01/01/2014
TIJUCAS DO SUL,412760,2014,1971,0,0,01/01/2014
TOLEDO,412770,2014,14874,0,0,01/01/2014
TOMAZINA,412780,2014,1390,0,0,01/01/2014
TRES BARRAS DO PARANA,412785,2014,1634,0,0,01/01/2014
TUNAS DO PARANA,412788,2014,452,0,0,01/01/2014
TUNEIRAS DO OESTE,412790,2014,1226,40,326.26427406199,01/01/2014
TUPASSI,412795,2014,1488,0,0,01/01/2014
TURVO,412796,2014,1641,7,42.6569165143205,01/01/2014
UBIRATA,412800,2014,3406,24,70.4638872577804,01/01/2014
UMUARAMA,412810,2014,15106,228,150.933403945452,01/01/2014
UNIAO DA VITORIA,412820,2014,6990,80,114.44921316166,01/01/2014
UNIFLOR,412830,2014,386,0,0,01/01/2014
URAI,412840,2014,2202,0,0,01/01/2014
WENCESLAU BRAZ,412850,2014,2901,1,3.44708721130645,01/01/2014
VENTANIA,412853,2014,1100,0,0,01/01/2014
VERA CRUZ DO OESTE,412855,2014,1486,2,13.4589502018843,01/01/2014
VERE,412860,2014,1290,1,7.75193798449612,01/01/2014
ALTO PARAISO,412862,2014,439,1,22.7790432801822,01/01/2014
DOUTOR ULYSSES,412863,2014,654,0,0,01/01/2014
VIRMOND,412865,2014,584,1,17.1232876712329,01/01/2014
VITORINO,412870,2014,987,0,0,01/01/2014
XAMBRE,412880,2014,1136,8,70.4225352112676,01/01/2014
ABATIA,410010,2015,1264,1,7.91139240506329,01/01/2015
ADRIANOPOLIS,410020,2015,1023,0,0,01/01/2015
AGUDOS DO SUL,410030,2015,1150,3,26.0869565217391,01/01/2015
ALMIRANTE TAMANDARE,410040,2015,9756,25,25.6252562525625,01/01/2015
ALTAMIRA DO PARANA,410045,2015,500,1,20,01/01/2015
ALTONIA,410050,2015,3637,7,19.2466318394281,01/01/2015
ALTO PARANA,410060,2015,2035,3,14.7420147420147,01/01/2015
ALTO PIQUIRI,410070,2015,1609,3,18.6451211932878,01/01/2015
ALVORADA DO SUL,410080,2015,1781,0,0,01/01/2015
AMAPORA,410090,2015,617,1,16.2074554294976,01/01/2015
AMPERE,410100,2015,2395,0,0,01/01/2015
ANAHY,410105,2015,519,0,0,01/01/2015
ANDIRA,410110,2015,3553,0,0,01/01/2015
ANGULO,410115,2015,424,0,0,01/01/2015
ANTONINA,410120,2015,3051,3,9.83284169124877,01/01/2015
ANTONIO OLINTO,410130,2015,1202,2,16.6389351081531,01/01/2015
APUCARANA,410140,2015,18818,0,0,01/01/2015
ARAPONGAS,410150,2015,15611,0,0,01/01/2015
ARAPOTI,410160,2015,3017,0,0,01/01/2015
ARAPUA,410165,2015,660,0,0,01/01/2015
ARARUNA,410170,2015,2115,8,37.8250591016549,01/01/2015
ARAUCARIA,410180,2015,12001,252,209.982501458212,01/01/2015
ARIRANHA DO IVAI,410185,2015,446,0,0,01/01/2015
ASSAI,410190,2015,2819,0,0,01/01/2015
ASSIS CHATEAUBRIAND,410200,2015,5892,0,0,01/01/2015
ASTORGA,410210,2015,4351,0,0,01/01/2015
ATALAIA,410220,2015,729,0,0,01/01/2015
BALSA NOVA,410230,2015,1402,1,7.13266761768902,01/01/2015
BANDEIRANTES,410240,2015,5113,0,0,01/01/2015
BARBOSA FERRAZ,410250,2015,2285,14,61.2691466083151,01/01/2015
BARRACAO,410260,2015,1421,0,0,01/01/2015
BARRA DO JACARE,410270,2015,553,7,126.582278481013,01/01/2015
BELA VISTA DA CAROBA,410275,2015,664,0,0,01/01/2015
BELA VISTA DO PARAISO,410280,2015,2805,3,10.6951871657754,01/01/2015
BITURUNA,410290,2015,1800,3,16.6666666666667,01/01/2015
BOA ESPERANCA,410300,2015,745,2,26.8456375838926,01/01/2015
BOA ESPERANCA DO IGUACU,410302,2015,350,1,28.5714285714286,01/01/2015
BOA VENTURA DE SAO ROQUE,410304,2015,721,5,69.3481276005548,01/01/2015
BOA VISTA DA APARECIDA,410305,2015,1338,0,0,01/01/2015
BOCAIUVA DO SUL,410310,2015,1382,0,0,01/01/2015
BOM JESUS DO SUL,410315,2015,742,0,0,01/01/2015
BOM SUCESSO,410320,2015,978,0,0,01/01/2015
BOM SUCESSO DO SUL,410322,2015,572,1,17.4825174825175,01/01/2015
BORRAZOPOLIS,410330,2015,1477,0,0,01/01/2015
BRAGANEY,410335,2015,852,0,0,01/01/2015
BRASILANDIA DO SUL,410337,2015,529,8,151.228733459357,01/01/2015
CAFEARA,410340,2015,398,1,25.1256281407035,01/01/2015
CAFELANDIA,410345,2015,1685,0,0,01/01/2015
CAFEZAL DO SUL,410347,2015,800,0,0,01/01/2015
CALIFORNIA,410350,2015,1318,0,0,01/01/2015
CAMBARA,410360,2015,4053,7,17.2711571675302,01/01/2015
CAMBE,410370,2015,14452,111,76.8059784112926,01/01/2015
CAMBIRA,410380,2015,1231,0,0,01/01/2015
CAMPINA DA LAGOA,410390,2015,2484,10,40.2576489533011,01/01/2015
CAMPINA DO SIMAO,410395,2015,459,6,130.718954248366,01/01/2015
CAMPINA GRANDE DO SUL,410400,2015,3870,2,5.16795865633075,01/01/2015
CAMPO BONITO,410405,2015,591,0,0,01/01/2015
CAMPO DO TENENTE,410410,2015,770,1,12.987012987013,01/01/2015
CAMPO LARGO,410420,2015,13620,6,4.40528634361234,01/01/2015
CAMPO MAGRO,410425,2015,2651,1,3.77216144851,01/01/2015
CAMPO MOURAO,410430,2015,12279,75,61.0798924993892,01/01/2015
CANDIDO DE ABREU,410440,2015,2250,1,4.44444444444444,01/01/2015
CANDOI,410442,2015,1647,7,42.501517911354,01/01/2015
CANTAGALO,410445,2015,1598,1,6.25782227784731,01/01/2015
CAPANEMA,410450,2015,3155,0,0,01/01/2015
CAPITAO LEONIDAS MARQUES,410460,2015,2347,0,0,01/01/2015
CARAMBEI,410465,2015,1783,0,0,01/01/2015
CARLOPOLIS,410470,2015,2200,0,0,01/01/2015
CASCAVEL,410480,2015,34671,3,0.865276455827637,01/01/2015
CASTRO,410490,2015,7624,2,2.62329485834208,01/01/2015
CATANDUVAS,410500,2015,1331,0,0,01/01/2015
CENTENARIO DO SUL,410510,2015,1778,1,5.62429696287964,01/01/2015
CERRO AZUL,410520,2015,2186,2,9.14913083257091,01/01/2015
CEU AZUL,410530,2015,1769,0,0,01/01/2015
CHOPINZINHO,410540,2015,2930,26,88.7372013651877,01/01/2015
CIANORTE,410550,2015,10112,629,622.033227848101,01/01/2015
CIDADE GAUCHA,410560,2015,1486,3,20.1884253028264,01/01/2015
CLEVELANDIA,410570,2015,2497,3,12.0144173007609,01/01/2015
COLOMBO,410580,2015,20807,42,20.1855144903158,01/01/2015
COLORADO,410590,2015,3759,2,5.32056397978186,01/01/2015
CONGONHINHAS,410600,2015,1362,0,0,01/01/2015
CONSELHEIRO MAIRINCK,410610,2015,613,0,0,01/01/2015
CONTENDA,410620,2015,2128,1,4.69924812030075,01/01/2015
CORBELIA,410630,2015,2425,0,0,01/01/2015
CORNELIO PROCOPIO,410640,2015,8347,0,0,01/01/2015
CORONEL DOMINGOS SOARES,410645,2015,686,0,0,01/01/2015
CORONEL VIVIDA,410650,2015,3493,14,40.0801603206413,01/01/2015
CORUMBATAI DO SUL,410655,2015,668,17,254.491017964072,01/01/2015
CRUZEIRO DO IGUACU,410657,2015,633,0,0,01/01/2015
CRUZEIRO DO OESTE,410660,2015,3455,8,23.1548480463097,01/01/2015
CRUZEIRO DO SUL,410670,2015,687,4,58.2241630276565,01/01/2015
CRUZ MACHADO,410680,2015,2236,7,31.3059033989267,01/01/2015
CRUZMALTINA,410685,2015,511,0,0,01/01/2015
CURITIBA,410690,2015,254683,1028,40.3639033622189,01/01/2015
CURIUVA,410700,2015,1934,0,0,01/01/2015
DIAMANTE DO NORTE,410710,2015,980,0,0,01/01/2015
DIAMANTE DO SUL,410712,2015,434,0,0,01/01/2015
DIAMANTE D'OESTE,410715,2015,776,0,0,01/01/2015
DOIS VIZINHOS,410720,2015,4772,22,46.1022632020117,01/01/2015
DOURADINA,410725,2015,1147,3,26.15518744551,01/01/2015
DOUTOR CAMARGO,410730,2015,1196,0,0,01/01/2015
ENEAS MARQUES,410740,2015,898,0,0,01/01/2015
ENGENHEIRO BELTRAO,410750,2015,2183,20,91.6170407695831,01/01/2015
ESPERANCA NOVA,410752,2015,394,1,25.3807106598985,01/01/2015
ENTRE RIOS DO OESTE,410753,2015,671,0,0,01/01/2015
ESPIGAO ALTO DO IGUACU,410754,2015,743,0,0,01/01/2015
FAROL,410755,2015,504,3,59.5238095238095,01/01/2015
FAXINAL,410760,2015,2594,0,0,01/01/2015
FAZENDA RIO GRANDE,410765,2015,7110,11,15.4711673699015,01/01/2015
FENIX,410770,2015,845,5,59.1715976331361,01/01/2015
FERNANDES PINHEIRO,410773,2015,688,0,0,01/01/2015
FIGUEIRA,410775,2015,1371,1,7.29394602479942,01/01/2015
FLORAI,410780,2015,1071,0,0,01/01/2015
FLOR DA SERRA DO SUL,410785,2015,702,0,0,01/01/2015
FLORESTA,410790,2015,941,0,0,01/01/2015
FLORESTOPOLIS,410800,2015,1452,2,13.7741046831956,01/01/2015
FLORIDA,410810,2015,419,0,0,01/01/2015
FORMOSA DO OESTE,410820,2015,1504,0,0,01/01/2015
FOZ DO IGUACU,410830,2015,27380,347,126.734842951059,01/01/2015
FRANCISCO ALVES,410832,2015,1227,15,122.249388753056,01/01/2015
FRANCISCO BELTRAO,410840,2015,10652,1,0.938790837401427,01/01/2015
FOZ DO JORDAO,410845,2015,615,3,48.7804878048781,01/01/2015
GENERAL CARNEIRO,410850,2015,1467,5,34.0831629175188,01/01/2015
GODOY MOREIRA,410855,2015,627,0,0,01/01/2015
GOIOERE,410860,2015,4679,41,87.6255610173114,01/01/2015
GOIOXIM,410865,2015,846,0,0,01/01/2015
GRANDES RIOS,410870,2015,986,0,0,01/01/2015
GUAIRA,410880,2015,4494,0,0,01/01/2015
GUAIRACA,410890,2015,943,0,0,01/01/2015
GUAMIRANGA,410895,2015,972,0,0,01/01/2015
GUAPIRAMA,410900,2015,571,1,17.5131348511384,01/01/2015
GUAPOREMA,410910,2015,375,8,213.333333333333,01/01/2015
GUARACI,410920,2015,875,0,0,01/01/2015
GUARANIACU,410930,2015,2220,0,0,01/01/2015
GUARAPUAVA,410940,2015,19907,71,35.6658461847591,01/01/2015
GUARAQUECABA,410950,2015,1017,1,9.83284169124877,01/01/2015
GUARATUBA,410960,2015,5026,3,5.96896140071628,01/01/2015
HONORIO SERPA,410965,2015,718,1,13.9275766016713,01/01/2015
IBAITI,410970,2015,4242,7,16.5016501650165,01/01/2015
IBEMA,410975,2015,841,0,0,01/01/2015
IBIPORA,410980,2015,7546,2,2.65041081367612,01/01/2015
ICARAIMA,410990,2015,1552,2,12.8865979381443,01/01/2015
IGUARACU,411000,2015,597,0,0,01/01/2015
IGUATU,411005,2015,379,0,0,01/01/2015
IMBAU,411007,2015,1421,1,7.03729767769177,01/01/2015
IMBITUVA,411010,2015,3232,2,6.18811881188119,01/01/2015
INACIO MARTINS,411020,2015,1139,0,0,01/01/2015
INAJA,411030,2015,478,1,20.9205020920502,01/01/2015
INDIANOPOLIS,411040,2015,815,19,233.128834355828,01/01/2015
IPIRANGA,411050,2015,1593,0,0,01/01/2015
IPORA,411060,2015,2693,10,37.1333085777943,01/01/2015
IRACEMA DO OESTE,411065,2015,423,0,0,01/01/2015
IRATI,411070,2015,7893,1,1.26694539465349,01/01/2015
IRETAMA,411080,2015,1713,15,87.5656742556918,01/01/2015
ITAGUAJE,411090,2015,665,0,0,01/01/2015
ITAIPULANDIA,411095,2015,1413,38,268.931351733899,01/01/2015
ITAMBARACA,411100,2015,1185,0,0,01/01/2015
ITAMBE,411110,2015,959,1,10.4275286757039,01/01/2015
ITAPEJARA D'OESTE,411120,2015,1783,2,11.2170499158721,01/01/2015
ITAPERUCU,411125,2015,2054,4,19.4741966893866,01/01/2015
ITAUNA DO SUL,411130,2015,557,1,17.9533213644524,01/01/2015
IVAI,411140,2015,1575,0,0,01/01/2015
IVAIPORA,411150,2015,5519,1,1.81192244971915,01/01/2015
IVATE,411155,2015,1093,2,18.2982616651418,01/01/2015
IVATUBA,411160,2015,497,0,0,01/01/2015
JABOTI,411170,2015,802,3,37.4064837905237,01/01/2015
JACAREZINHO,411180,2015,5634,16,28.3990060347888,01/01/2015
JAGUAPITA,411190,2015,1885,2,10.6100795755968,01/01/2015
JAGUARIAIVA,411200,2015,3517,0,0,01/01/2015
JANDAIA DO SUL,411210,2015,3675,0,0,01/01/2015
JANIOPOLIS,411220,2015,1159,5,43.1406384814495,01/01/2015
JAPIRA,411230,2015,802,2,24.9376558603491,01/01/2015
JAPURA,411240,2015,1600,64,400,01/01/2015
JARDIM ALEGRE,411250,2015,2206,0,0,01/01/2015
JARDIM OLINDA,411260,2015,190,0,0,01/01/2015
JATAIZINHO,411270,2015,1679,7,41.6914830256105,01/01/2015
JESUITAS,411275,2015,1770,0,0,01/01/2015
JOAQUIM TAVORA,411280,2015,1730,0,0,01/01/2015
JUNDIAI DO SUL,411290,2015,573,0,0,01/01/2015
JURANDA,411295,2015,1127,3,26.6193433895297,01/01/2015
JUSSARA,411300,2015,1003,36,358.923230309073,01/01/2015
KALORE,411310,2015,945,0,0,01/01/2015
LAPA,411320,2015,6069,2,3.29543582138738,01/01/2015
LARANJAL,411325,2015,625,1,16,01/01/2015
LARANJEIRAS DO SUL,411330,2015,4307,17,39.4706292082656,01/01/2015
LEOPOLIS,411340,2015,763,0,0,01/01/2015
LIDIANOPOLIS,411342,2015,784,0,0,01/01/2015
LINDOESTE,411345,2015,889,0,0,01/01/2015
LOANDA,411350,2015,3128,7,22.3785166240409,01/01/2015
LOBATO,411360,2015,635,0,0,01/01/2015
LONDRINA,411370,2015,82409,209,25.3613076241673,01/01/2015
LUIZIANA,411373,2015,948,3,31.6455696202532,01/01/2015
LUNARDELLI,411375,2015,908,0,0,01/01/2015
LUPIONOPOLIS,411380,2015,827,0,0,01/01/2015
MALLET,411390,2015,1931,2,10.3573278094252,01/01/2015
MAMBORE,411400,2015,2057,9,43.7530384054448,01/01/2015
MANDAGUACU,411410,2015,2981,0,0,01/01/2015
MANDAGUARI,411420,2015,5541,0,0,01/01/2015
MANDIRITUBA,411430,2015,2987,1,3.3478406427854,01/01/2015
MANFRINOPOLIS,411435,2015,432,0,0,01/01/2015
MANGUEIRINHA,411440,2015,2049,1,4.88042947779405,01/01/2015
MANOEL RIBAS,411450,2015,1835,0,0,01/01/2015
MARECHAL CANDIDO RONDON,411460,2015,7468,0,0,01/01/2015
MARIA HELENA,411470,2015,971,0,0,01/01/2015
MARIALVA,411480,2015,5323,0,0,01/01/2015
MARILANDIA DO SUL,411490,2015,1318,0,0,01/01/2015
MARILENA,411500,2015,1161,0,0,01/01/2015
MARILUZ,411510,2015,1488,2,13.4408602150538,01/01/2015
MARINGA,411520,2015,57349,558,97.2989938795794,01/01/2015
MARIOPOLIS,411530,2015,997,6,60.1805416248746,01/01/2015
MARIPA,411535,2015,1074,0,0,01/01/2015
MARMELEIRO,411540,2015,2174,1,4.59981600735971,01/01/2015
MARQUINHO,411545,2015,649,1,15.4083204930663,01/01/2015
MARUMBI,411550,2015,758,0,0,01/01/2015
MATELANDIA,411560,2015,2279,5,21.9394471259324,01/01/2015
MATINHOS,411570,2015,5068,4,7.89265982636148,01/01/2015
MATO RICO,411573,2015,525,0,0,01/01/2015
MAUA DA SERRA,411575,2015,939,0,0,01/01/2015
MEDIANEIRA,411580,2015,5641,36,63.818471902145,01/01/2015
MERCEDES,411585,2015,876,0,0,01/01/2015
MIRADOR,411590,2015,331,1,30.2114803625378,01/01/2015
MIRASELVA,411600,2015,396,0,0,01/01/2015
MISSAL,411605,2015,1953,8,40.9626216077829,01/01/2015
MOREIRA SALES,411610,2015,2237,4,17.8810907465355,01/01/2015
MORRETES,411620,2015,2379,3,12.6103404791929,01/01/2015
MUNHOZ DE MELO,411630,2015,735,0,0,01/01/2015
NOSSA SENHORA DAS GRACAS,411640,2015,596,0,0,01/01/2015
NOVA ALIANCA DO IVAI,411650,2015,171,0,0,01/01/2015
NOVA AMERICA DA COLINA,411660,2015,511,0,0,01/01/2015
NOVA AURORA,411670,2015,1967,0,0,01/01/2015
NOVA CANTU,411680,2015,1005,8,79.6019900497512,01/01/2015
NOVA ESPERANCA,411690,2015,4383,0,0,01/01/2015
NOVA ESPERANCA DO SUDOESTE,411695,2015,752,0,0,01/01/2015
NOVA FATIMA,411700,2015,1328,0,0,01/01/2015
NOVA LARANJEIRAS,411705,2015,1447,2,13.8217000691085,01/01/2015
NOVA LONDRINA,411710,2015,1911,0,0,01/01/2015
NOVA OLIMPIA,411720,2015,1006,3,29.8210735586481,01/01/2015
NOVA SANTA BARBARA,411721,2015,745,0,0,01/01/2015
NOVA SANTA ROSA,411722,2015,1396,1,7.16332378223496,01/01/2015
NOVA PRATA DO IGUACU,411725,2015,1586,0,0,01/01/2015
NOVA TEBAS,411727,2015,1148,0,0,01/01/2015
NOVO ITACOLOMI,411729,2015,517,0,0,01/01/2015
ORTIGUEIRA,411730,2015,3149,0,0,01/01/2015
OURIZONA,411740,2015,611,0,0,01/01/2015
OURO VERDE DO OESTE,411745,2015,865,0,0,01/01/2015
PAICANDU,411750,2015,4706,2,4.24989375265618,01/01/2015
PALMAS,411760,2015,4118,6,14.570179698883,01/01/2015
PALMEIRA,411770,2015,4069,1,2.45760629147211,01/01/2015
PALMITAL,411780,2015,1946,2,10.2774922918808,01/01/2015
PALOTINA,411790,2015,4481,0,0,01/01/2015
PARAISO DO NORTE,411800,2015,1688,1,5.92417061611374,01/01/2015
PARANACITY,411810,2015,1319,0,0,01/01/2015
PARANAGUA,411820,2015,15431,72,46.6593221437366,01/01/2015
PARANAPOEMA,411830,2015,326,0,0,01/01/2015
PARANAVAI,411840,2015,13214,4,3.02709247767519,01/01/2015
PATO BRAGADO,411845,2015,806,0,0,01/01/2015
PATO BRANCO,411850,2015,9754,162,166.085708427312,01/01/2015
PAULA FREITAS,411860,2015,821,17,207.064555420219,01/01/2015
PAULO FRONTIN,411870,2015,1077,16,148.560817084494,01/01/2015
PEABIRU,411880,2015,2026,14,69.101678183613,01/01/2015
PEROBAL,411885,2015,914,1,10.9409190371991,01/01/2015
PEROLA,411890,2015,1921,1,5.20562207183759,01/01/2015
PEROLA D'OESTE,411900,2015,1197,0,0,01/01/2015
PIEN,411910,2015,1277,0,0,01/01/2015
PINHAIS,411915,2015,12847,19,14.7894450066163,01/01/2015
PINHALAO,411920,2015,989,0,0,01/01/2015
PINHAL DE SAO BENTO,411925,2015,370,0,0,01/01/2015
PINHAO,411930,2015,3231,10,30.9501702259362,01/01/2015
PIRAI DO SUL,411940,2015,3240,0,0,01/01/2015
PIRAQUARA,411950,2015,8159,7,8.57948277975242,01/01/2015
PITANGA,411960,2015,4189,25,59.68011458582,01/01/2015
PITANGUEIRAS,411965,2015,407,0,0,01/01/2015
PLANALTINA DO PARANA,411970,2015,662,0,0,01/01/2015
PLANALTO,411980,2015,2482,0,0,01/01/2015
PONTA GROSSA,411990,2015,39931,4,1.00172798076682,01/01/2015
PONTAL DO PARANA,411995,2015,3955,8,20.2275600505689,01/01/2015
PORECATU,412000,2015,2306,2,8.67302688638335,01/01/2015
PORTO AMAZONAS,412010,2015,610,1,16.3934426229508,01/01/2015
PORTO BARREIRO,412015,2015,477,0,0,01/01/2015
PORTO RICO,412020,2015,342,0,0,01/01/2015
PORTO VITORIA,412030,2015,609,11,180.623973727422,01/01/2015
PRADO FERREIRA,412033,2015,549,0,0,01/01/2015
PRANCHITA,412035,2015,976,0,0,01/01/2015
PRESIDENTE CASTELO BRANCO,412040,2015,647,0,0,01/01/2015
PRIMEIRO DE MAIO,412050,2015,2073,1,4.82392667631452,01/01/2015
PRUDENTOPOLIS,412060,2015,6873,71,103.302778990252,01/01/2015
QUARTO CENTENARIO,412065,2015,707,7,99.009900990099,01/01/2015
QUATIGUA,412070,2015,1241,1,8.058017727639,01/01/2015
QUATRO BARRAS,412080,2015,2179,1,4.58926112895824,01/01/2015
QUATRO PONTES,412085,2015,716,0,0,01/01/2015
QUEDAS DO IGUACU,412090,2015,4014,0,0,01/01/2015
QUERENCIA DO NORTE,412100,2015,1633,2,12.2473974280465,01/01/2015
QUINTA DO SOL,412110,2015,806,8,99.2555831265509,01/01/2015
QUITANDINHA,412120,2015,2443,1,4.09332787556283,01/01/2015
RAMILANDIA,412125,2015,567,2,35.2733686067019,01/01/2015
RANCHO ALEGRE,412130,2015,793,0,0,01/01/2015
RANCHO ALEGRE D'OESTE,412135,2015,443,1,22.5733634311512,01/01/2015
REALEZA,412140,2015,2672,0,0,01/01/2015
REBOUCAS,412150,2015,1973,1,5.06842372022301,01/01/2015
RENASCENCA,412160,2015,944,0,0,01/01/2015
RESERVA,412170,2015,3030,0,0,01/01/2015
RESERVA DO IGUACU,412175,2015,708,5,70.6214689265537,01/01/2015
RIBEIRAO CLARO,412180,2015,1809,4,22.1116639027087,01/01/2015
RIBEIRAO DO PINHAL,412190,2015,2334,0,0,01/01/2015
RIO AZUL,412200,2015,1801,0,0,01/01/2015
RIO BOM,412210,2015,663,0,0,01/01/2015
RIO BONITO DO IGUACU,412215,2015,1671,0,0,01/01/2015
RIO BRANCO DO IVAI,412217,2015,513,0,0,01/01/2015
RIO BRANCO DO SUL,412220,2015,2934,8,27.266530334015,01/01/2015
RIO NEGRO,412230,2015,4188,4,9.55109837631328,01/01/2015
ROLANDIA,412240,2015,8744,3,3.43092406221409,01/01/2015
RONCADOR,412250,2015,1661,12,72.2456351595425,01/01/2015
RONDON,412260,2015,1304,47,360.429447852761,01/01/2015
ROSARIO DO IVAI,412265,2015,913,1,10.9529025191676,01/01/2015
SABAUDIA,412270,2015,997,0,0,01/01/2015
SALGADO FILHO,412280,2015,689,0,0,01/01/2015
SALTO DO ITARARE,412290,2015,969,2,20.6398348813209,01/01/2015
SALTO DO LONTRA,412300,2015,1910,0,0,01/01/2015
SANTA AMELIA,412310,2015,645,0,0,01/01/2015
SANTA CECILIA DO PAVAO,412320,2015,621,0,0,01/01/2015
SANTA CRUZ DE MONTE CASTELO,412330,2015,1321,0,0,01/01/2015
SANTA FE,412340,2015,1780,1,5.61797752808989,01/01/2015
SANTA HELENA,412350,2015,3969,0,0,01/01/2015
SANTA INES,412360,2015,270,0,0,01/01/2015
SANTA ISABEL DO IVAI,412370,2015,1648,4,24.2718446601942,01/01/2015
SANTA IZABEL DO OESTE,412380,2015,2059,0,0,01/01/2015
SANTA LUCIA,412382,2015,733,0,0,01/01/2015
SANTA MARIA DO OESTE,412385,2015,1416,0,0,01/01/2015
SANTA MARIANA,412390,2015,2403,0,0,01/01/2015
SANTA MONICA,412395,2015,467,1,21.4132762312634,01/01/2015
SANTANA DO ITARARE,412400,2015,814,0,0,01/01/2015
SANTA TEREZA DO OESTE,412402,2015,1147,0,0,01/01/2015
SANTA TEREZINHA DE ITAIPU,412405,2015,2885,0,0,01/01/2015
SANTO ANTONIO DA PLATINA,412410,2015,6539,8,12.2342865881633,01/01/2015
SANTO ANTONIO DO CAIUA,412420,2015,452,0,0,01/01/2015
SANTO ANTONIO DO PARAISO,412430,2015,390,0,0,01/01/2015
SANTO ANTONIO DO SUDOESTE,412440,2015,2844,0,0,01/01/2015
SANTO INACIO,412450,2015,798,0,0,01/01/2015
SAO CARLOS DO IVAI,412460,2015,924,0,0,01/01/2015
SAO JERONIMO DA SERRA,412470,2015,1661,0,0,01/01/2015
SAO JOAO,412480,2015,1869,1,5.35045478865704,01/01/2015
SAO JOAO DO CAIUA,412490,2015,892,3,33.6322869955157,01/01/2015
SAO JOAO DO IVAI,412500,2015,2136,0,0,01/01/2015
SAO JOAO DO TRIUNFO,412510,2015,1548,3,19.3798449612403,01/01/2015
SAO JORGE D'OESTE,412520,2015,1488,0,0,01/01/2015
SAO JORGE DO IVAI,412530,2015,1069,0,0,01/01/2015
SAO JORGE DO PATROCINIO,412535,2015,1186,21,177.065767284992,01/01/2015
SAO JOSE DA BOA VISTA,412540,2015,1075,0,0,01/01/2015
SAO JOSE DAS PALMEIRAS,412545,2015,592,0,0,01/01/2015
SAO JOSE DOS PINHAIS,412550,2015,26549,41,15.4431428679046,01/01/2015
SAO MANOEL DO PARANA,412555,2015,394,19,482.233502538071,01/01/2015
SAO MATEUS DO SUL,412560,2015,4971,48,96.5600482800242,01/01/2015
SAO MIGUEL DO IGUACU,412570,2015,3746,9,24.0256273358249,01/01/2015
SAO PEDRO DO IGUACU,412575,2015,1119,0,0,01/01/2015
SAO PEDRO DO IVAI,412580,2015,1497,0,0,01/01/2015
SAO PEDRO DO PARANA,412590,2015,412,3,72.8155339805825,01/01/2015
SAO SEBASTIAO DA AMOREIRA,412600,2015,1355,0,0,01/01/2015
SAO TOME,412610,2015,775,44,567.741935483871,01/01/2015
SAPOPEMA,412620,2015,934,0,0,01/01/2015
SARANDI,412625,2015,10410,1,0.960614793467819,01/01/2015
SAUDADE DO IGUACU,412627,2015,734,1,13.6239782016349,01/01/2015
SENGES,412630,2015,1939,1,5.15729757607014,01/01/2015
SERRANOPOLIS DO IGUACU,412635,2015,928,8,86.2068965517242,01/01/2015
SERTANEJA,412640,2015,1119,0,0,01/01/2015
SERTANOPOLIS,412650,2015,2617,5,19.105846388995,01/01/2015
SIQUEIRA CAMPOS,412660,2015,2865,6,20.9424083769634,01/01/2015
SULINA,412665,2015,635,0,0,01/01/2015
TAMARANA,412667,2015,1663,1,6.01322910402886,01/01/2015
TAMBOARA,412670,2015,775,0,0,01/01/2015
TAPEJARA,412680,2015,1902,59,310.199789695058,01/01/2015
TAPIRA,412690,2015,1049,3,28.5986653956149,01/01/2015
TEIXEIRA SOARES,412700,2015,1301,0,0,01/01/2015
TELEMACO BORBA,412710,2015,8552,0,0,01/01/2015
TERRA BOA,412720,2015,2527,37,146.418678274634,01/01/2015
TERRA RICA,412730,2015,2411,2,8.29531314807134,01/01/2015
TERRA ROXA,412740,2015,2792,0,0,01/01/2015
TIBAGI,412750,2015,2315,0,0,01/01/2015
TIJUCAS DO SUL,412760,2015,2042,0,0,01/01/2015
TOLEDO,412770,2015,15623,0,0,01/01/2015
TOMAZINA,412780,2015,1406,1,7.11237553342817,01/01/2015
TRES BARRAS DO PARANA,412785,2015,1689,0,0,01/01/2015
TUNAS DO PARANA,412788,2015,464,0,0,01/01/2015
TUNEIRAS DO OESTE,412790,2015,1254,38,303.030303030303,01/01/2015
TUPASSI,412795,2015,1545,0,0,01/01/2015
TURVO,412796,2015,1693,12,70.8800945067927,01/01/2015
UBIRATA,412800,2015,3500,18,51.4285714285714,01/01/2015
UMUARAMA,412810,2015,15755,268,170.104728657569,01/01/2015
UNIAO DA VITORIA,412820,2015,7253,84,115.814145870674,01/01/2015
UNIFLOR,412830,2015,398,0,0,01/01/2015
URAI,412840,2015,2272,0,0,01/01/2015
WENCESLAU BRAZ,412850,2015,2989,5,16.7280026764804,01/01/2015
VENTANIA,412853,2015,1134,0,0,01/01/2015
VERA CRUZ DO OESTE,412855,2015,1525,0,0,01/01/2015
VERE,412860,2015,1330,0,0,01/01/2015
ALTO PARAISO,412862,2015,444,0,0,01/01/2015
DOUTOR ULYSSES,412863,2015,672,0,0,01/01/2015
VIRMOND,412865,2015,609,1,16.4203612479475,01/01/2015
VITORINO,412870,2015,1013,3,29.6150049358342,01/01/2015
XAMBRE,412880,2015,1155,12,103.896103896104,01/01/2015
ABATIA,410010,2016,1302,0,0,01/01/2016
ADRIANOPOLIS,410020,2016,1037,0,0,01/01/2016
AGUDOS DO SUL,410030,2016,1199,6,50.0417014178482,01/01/2016
ALMIRANTE TAMANDARE,410040,2016,10329,17,16.4585148610708,01/01/2016
ALTAMIRA DO PARANA,410045,2016,464,0,0,01/01/2016
ALTONIA,410050,2016,3717,0,0,01/01/2016
ALTO PARANA,410060,2016,2117,5,23.6183278223902,01/01/2016
ALTO PIQUIRI,410070,2016,1642,0,0,01/01/2016
ALVORADA DO SUL,410080,2016,1851,1,5.40248514316586,01/01/2016
AMAPORA,410090,2016,647,0,0,01/01/2016
AMPERE,410100,2016,2494,0,0,01/01/2016
ANAHY,410105,2016,533,0,0,01/01/2016
ANDIRA,410110,2016,3625,1,2.75862068965517,01/01/2016
ANGULO,410115,2016,437,0,0,01/01/2016
ANTONINA,410120,2016,3121,15,48.0615187439923,01/01/2016
ANTONIO OLINTO,410130,2016,1228,6,48.8599348534202,01/01/2016
APUCARANA,410140,2016,19607,0,0,01/01/2016
ARAPONGAS,410150,2016,16324,0,0,01/01/2016
ARAPOTI,410160,2016,3151,1,3.17359568390987,01/01/2016
ARAPUA,410165,2016,671,0,0,01/01/2016
ARARUNA,410170,2016,2189,0,0,01/01/2016
ARAUCARIA,410180,2016,12761,148,115.978371600972,01/01/2016
ARIRANHA DO IVAI,410185,2016,449,0,0,01/01/2016
ASSAI,410190,2016,2858,0,0,01/01/2016
ASSIS CHATEAUBRIAND,410200,2016,6043,1,1.65480721495946,01/01/2016
ASTORGA,410210,2016,4507,0,0,01/01/2016
ATALAIA,410220,2016,752,0,0,01/01/2016
BALSA NOVA,410230,2016,1473,3,20.3665987780041,01/01/2016
BANDEIRANTES,410240,2016,5261,0,0,01/01/2016
BARBOSA FERRAZ,410250,2016,2310,0,0,01/01/2016
BARRACAO,410260,2016,1485,0,0,01/01/2016
BARRA DO JACARE,410270,2016,570,7,122.80701754386,01/01/2016
BELA VISTA DA CAROBA,410275,2016,684,0,0,01/01/2016
BELA VISTA DO PARAISO,410280,2016,2894,3,10.3662750518314,01/01/2016
BITURUNA,410290,2016,1853,0,0,01/01/2016
BOA ESPERANCA,410300,2016,765,0,0,01/01/2016
BOA ESPERANCA DO IGUACU,410302,2016,360,0,0,01/01/2016
BOA VENTURA DE SAO ROQUE,410304,2016,737,3,40.7055630936228,01/01/2016
BOA VISTA DA APARECIDA,410305,2016,1365,0,0,01/01/2016
BOCAIUVA DO SUL,410310,2016,1426,0,0,01/01/2016
BOM JESUS DO SUL,410315,2016,762,0,0,01/01/2016
BOM SUCESSO,410320,2016,1001,1,9.99000999000999,01/01/2016
BOM SUCESSO DO SUL,410322,2016,588,0,0,01/01/2016
BORRAZOPOLIS,410330,2016,1484,0,0,01/01/2016
BRAGANEY,410335,2016,872,0,0,01/01/2016
BRASILANDIA DO SUL,410337,2016,526,0,0,01/01/2016
CAFEARA,410340,2016,409,1,24.4498777506113,01/01/2016
CAFELANDIA,410345,2016,1798,0,0,01/01/2016
CAFEZAL DO SUL,410347,2016,809,0,0,01/01/2016
CALIFORNIA,410350,2016,1361,0,0,01/01/2016
CAMBARA,410360,2016,4178,10,23.9348970799426,01/01/2016
CAMBE,410370,2016,15113,167,110.500893270694,01/01/2016
CAMBIRA,410380,2016,1282,0,0,01/01/2016
CAMPINA DA LAGOA,410390,2016,2542,0,0,01/01/2016
CAMPINA DO SIMAO,410395,2016,475,1,21.0526315789474,01/01/2016
CAMPINA GRANDE DO SUL,410400,2016,4093,1,2.44319569997557,01/01/2016
CAMPO BONITO,410405,2016,597,0,0,01/01/2016
CAMPO DO TENENTE,410410,2016,800,1,12.5,01/01/2016
CAMPO LARGO,410420,2016,14294,6,4.19756541206101,01/01/2016
CAMPO MAGRO,410425,2016,2807,8,28.5001781261133,01/01/2016
CAMPO MOURAO,410430,2016,12841,1,0.778755548633284,01/01/2016
CANDIDO DE ABREU,410440,2016,2284,0,0,01/01/2016
CANDOI,410442,2016,1725,10,57.9710144927536,01/01/2016
CANTAGALO,410445,2016,1655,16,96.6767371601209,01/01/2016
CAPANEMA,410450,2016,3249,0,0,01/01/2016
CAPITAO LEONIDAS MARQUES,410460,2016,2426,0,0,01/01/2016
CARAMBEI,410465,2016,1887,0,0,01/01/2016
CARLOPOLIS,410470,2016,2269,1,4.40722785368004,01/01/2016
CASCAVEL,410480,2016,36674,6,1.63603642907782,01/01/2016
CASTRO,410490,2016,7854,1,1.27323656735421,01/01/2016
CATANDUVAS,410500,2016,1366,1,7.32064421669107,01/01/2016
CENTENARIO DO SUL,410510,2016,1813,2,11.0314396028682,01/01/2016
CERRO AZUL,410520,2016,2235,1,4.47427293064877,01/01/2016
CEU AZUL,410530,2016,1822,0,0,01/01/2016
CHOPINZINHO,410540,2016,3025,7,23.1404958677686,01/01/2016
CIANORTE,410550,2016,10521,509,483.794316129646,01/01/2016
CIDADE GAUCHA,410560,2016,1540,9,58.4415584415585,01/01/2016
CLEVELANDIA,410570,2016,2572,0,0,01/01/2016
COLOMBO,410580,2016,22028,29,13.1650626475395,01/01/2016
COLORADO,410590,2016,3941,1,2.53742704897234,01/01/2016
CONGONHINHAS,410600,2016,1399,0,0,01/01/2016
CONSELHEIRO MAIRINCK,410610,2016,627,0,0,01/01/2016
CONTENDA,410620,2016,2210,0,0,01/01/2016
CORBELIA,410630,2016,2519,0,0,01/01/2016
CORNELIO PROCOPIO,410640,2016,8640,0,0,01/01/2016
CORONEL DOMINGOS SOARES,410645,2016,708,0,0,01/01/2016
CORONEL VIVIDA,410650,2016,3591,1,2.78473962684489,01/01/2016
CORUMBATAI DO SUL,410655,2016,667,0,0,01/01/2016
CRUZEIRO DO IGUACU,410657,2016,652,0,0,01/01/2016
CRUZEIRO DO OESTE,410660,2016,3554,2,5.6274620146314,01/01/2016
CRUZEIRO DO SUL,410670,2016,709,0,0,01/01/2016
CRUZ MACHADO,410680,2016,2304,8,34.7222222222222,01/01/2016
CRUZMALTINA,410685,2016,519,0,0,01/01/2016
CURITIBA,410690,2016,266741,1318,49.4112266205795,01/01/2016
CURIUVA,410700,2016,2000,0,0,01/01/2016
DIAMANTE DO NORTE,410710,2016,1001,0,0,01/01/2016
DIAMANTE DO SUL,410712,2016,433,0,0,01/01/2016
DIAMANTE D'OESTE,410715,2016,792,0,0,01/01/2016
DOIS VIZINHOS,410720,2016,5013,0,0,01/01/2016
DOURADINA,410725,2016,1188,0,0,01/01/2016
DOUTOR CAMARGO,410730,2016,1232,0,0,01/01/2016
ENEAS MARQUES,410740,2016,930,0,0,01/01/2016
ENGENHEIRO BELTRAO,410750,2016,2249,0,0,01/01/2016
ESPERANCA NOVA,410752,2016,392,0,0,01/01/2016
ENTRE RIOS DO OESTE,410753,2016,699,0,0,01/01/2016
ESPIGAO ALTO DO IGUACU,410754,2016,754,0,0,01/01/2016
FAROL,410755,2016,515,0,0,01/01/2016
FAXINAL,410760,2016,2660,0,0,01/01/2016
FAZENDA RIO GRANDE,410765,2016,7639,24,31.4177248330933,01/01/2016
FENIX,410770,2016,868,0,0,01/01/2016
FERNANDES PINHEIRO,410773,2016,701,0,0,01/01/2016
FIGUEIRA,410775,2016,1395,4,28.673835125448,01/01/2016
FLORAI,410780,2016,1089,0,0,01/01/2016
FLOR DA SERRA DO SUL,410785,2016,727,0,0,01/01/2016
FLORESTA,410790,2016,989,0,0,01/01/2016
FLORESTOPOLIS,410800,2016,1495,0,0,01/01/2016
FLORIDA,410810,2016,433,0,0,01/01/2016
FORMOSA DO OESTE,410820,2016,1527,0,0,01/01/2016
FOZ DO IGUACU,410830,2016,29025,199,68.5615848406546,01/01/2016
FRANCISCO ALVES,410832,2016,1242,0,0,01/01/2016
FRANCISCO BELTRAO,410840,2016,11180,1,0.894454382826476,01/01/2016
FOZ DO JORDAO,410845,2016,625,4,64,01/01/2016
GENERAL CARNEIRO,410850,2016,1516,14,92.3482849604222,01/01/2016
GODOY MOREIRA,410855,2016,639,0,0,01/01/2016
GOIOERE,410860,2016,4825,1,2.07253886010363,01/01/2016
GOIOXIM,410865,2016,875,1,11.4285714285714,01/01/2016
GRANDES RIOS,410870,2016,995,0,0,01/01/2016
GUAIRA,410880,2016,4637,0,0,01/01/2016
GUAIRACA,410890,2016,978,0,0,01/01/2016
GUAMIRANGA,410895,2016,1008,0,0,01/01/2016
GUAPIRAMA,410900,2016,584,3,51.3698630136986,01/01/2016
GUAPOREMA,410910,2016,384,7,182.291666666667,01/01/2016
GUARACI,410920,2016,895,1,11.1731843575419,01/01/2016
GUARANIACU,410930,2016,2244,0,0,01/01/2016
GUARAPUAVA,410940,2016,20764,71,34.1937969562705,01/01/2016
GUARAQUECABA,410950,2016,1043,0,0,01/01/2016
GUARATUBA,410960,2016,5294,12,22.667170381564,01/01/2016
HONORIO SERPA,410965,2016,739,0,0,01/01/2016
IBAITI,410970,2016,4357,16,36.7225154923112,01/01/2016
IBEMA,410975,2016,875,0,0,01/01/2016
IBIPORA,410980,2016,7907,6,7.58821297584419,01/01/2016
ICARAIMA,410990,2016,1574,0,0,01/01/2016
IGUARACU,411000,2016,612,0,0,01/01/2016
IGUATU,411005,2016,389,0,0,01/01/2016
IMBAU,411007,2016,1461,2,13.6892539356605,01/01/2016
IMBITUVA,411010,2016,3367,2,5.94000594000594,01/01/2016
INACIO MARTINS,411020,2016,1169,1,8.55431993156544,01/01/2016
INAJA,411030,2016,489,1,20.4498977505112,01/01/2016
INDIANOPOLIS,411040,2016,833,32,384.153661464586,01/01/2016
IPIRANGA,411050,2016,1640,0,0,01/01/2016
IPORA,411060,2016,2745,0,0,01/01/2016
IRACEMA DO OESTE,411065,2016,427,0,0,01/01/2016
IRATI,411070,2016,8146,1,1.22759636631476,01/01/2016
IRETAMA,411080,2016,1742,0,0,01/01/2016
ITAGUAJE,411090,2016,687,0,0,01/01/2016
ITAIPULANDIA,411095,2016,1509,12,79.5228628230616,01/01/2016
ITAMBARACA,411100,2016,1220,0,0,01/01/2016
ITAMBE,411110,2016,983,0,0,01/01/2016
ITAPEJARA D'OESTE,411120,2016,1848,5,27.0562770562771,01/01/2016
ITAPERUCU,411125,2016,2146,2,9.31966449207829,01/01/2016
ITAUNA DO SUL,411130,2016,553,0,0,01/01/2016
IVAI,411140,2016,1619,1,6.17665225447807,01/01/2016
IVAIPORA,411150,2016,5664,2,3.53107344632768,01/01/2016
IVATE,411155,2016,1127,0,0,01/01/2016
IVATUBA,411160,2016,513,0,0,01/01/2016
JABOTI,411170,2016,834,2,23.9808153477218,01/01/2016
JACAREZINHO,411180,2016,5797,12,20.7003622563395,01/01/2016
JAGUAPITA,411190,2016,1963,5,25.4712175241977,01/01/2016
JAGUARIAIVA,411200,2016,3644,0,0,01/01/2016
JANDAIA DO SUL,411210,2016,3788,0,0,01/01/2016
JANIOPOLIS,411220,2016,1166,0,0,01/01/2016
JAPIRA,411230,2016,830,6,72.289156626506,01/01/2016
JAPURA,411240,2016,1666,57,342.136854741897,01/01/2016
JARDIM ALEGRE,411250,2016,2251,0,0,01/01/2016
JARDIM OLINDA,411260,2016,194,0,0,01/01/2016
JATAIZINHO,411270,2016,1737,2,11.5141047783535,01/01/2016
JESUITAS,411275,2016,1790,0,0,01/01/2016
JOAQUIM TAVORA,411280,2016,1764,3,17.0068027210884,01/01/2016
JUNDIAI DO SUL,411290,2016,587,0,0,01/01/2016
JURANDA,411295,2016,1170,0,0,01/01/2016
JUSSARA,411300,2016,1040,29,278.846153846154,01/01/2016
KALORE,411310,2016,956,0,0,01/01/2016
LAPA,411320,2016,6300,1,1.58730158730159,01/01/2016
LARANJAL,411325,2016,633,0,0,01/01/2016
LARANJEIRAS DO SUL,411330,2016,4476,17,37.9803395889187,01/01/2016
LEOPOLIS,411340,2016,786,0,0,01/01/2016
LIDIANOPOLIS,411342,2016,793,0,0,01/01/2016
LINDOESTE,411345,2016,904,0,0,01/01/2016
LOANDA,411350,2016,3239,8,24.6989811670269,01/01/2016
LOBATO,411360,2016,668,0,0,01/01/2016
LONDRINA,411370,2016,86206,293,33.9883534788762,01/01/2016
LUIZIANA,411373,2016,974,0,0,01/01/2016
LUNARDELLI,411375,2016,930,0,0,01/01/2016
LUPIONOPOLIS,411380,2016,845,1,11.8343195266272,01/01/2016
MALLET,411390,2016,1991,0,0,01/01/2016
MAMBORE,411400,2016,2117,1,4.72366556447804,01/01/2016
MANDAGUACU,411410,2016,3128,0,0,01/01/2016
MANDAGUARI,411420,2016,5776,0,0,01/01/2016
MANDIRITUBA,411430,2016,3133,0,0,01/01/2016
MANFRINOPOLIS,411435,2016,432,0,0,01/01/2016
MANGUEIRINHA,411440,2016,2117,1,4.72366556447804,01/01/2016
MANOEL RIBAS,411450,2016,1895,0,0,01/01/2016
MARECHAL CANDIDO RONDON,411460,2016,7765,0,0,01/01/2016
MARIA HELENA,411470,2016,987,0,0,01/01/2016
MARIALVA,411480,2016,5555,0,0,01/01/2016
MARILANDIA DO SUL,411490,2016,1357,0,0,01/01/2016
MARILENA,411500,2016,1200,1,8.33333333333333,01/01/2016
MARILUZ,411510,2016,1509,0,0,01/01/2016
MARINGA,411520,2016,60407,761,125.978777294022,01/01/2016
MARIOPOLIS,411530,2016,1037,1,9.64320154291225,01/01/2016
MARIPA,411535,2016,1104,0,0,01/01/2016
MARMELEIRO,411540,2016,2247,0,0,01/01/2016
MARQUINHO,411545,2016,666,0,0,01/01/2016
MARUMBI,411550,2016,786,1,12.7226463104326,01/01/2016
MATELANDIA,411560,2016,2367,0,0,01/01/2016
MATINHOS,411570,2016,5418,2,3.69139904023625,01/01/2016
MATO RICO,411573,2016,537,0,0,01/01/2016
MAUA DA SERRA,411575,2016,986,0,0,01/01/2016
MEDIANEIRA,411580,2016,5926,112,188.997637529531,01/01/2016
MERCEDES,411585,2016,904,0,0,01/01/2016
MIRADOR,411590,2016,337,0,0,01/01/2016
MIRASELVA,411600,2016,408,0,0,01/01/2016
MISSAL,411605,2016,2015,21,104.218362282878,01/01/2016
MOREIRA SALES,411610,2016,2297,0,0,01/01/2016
MORRETES,411620,2016,2434,2,8.21692686935086,01/01/2016
MUNHOZ DE MELO,411630,2016,749,0,0,01/01/2016
NOSSA SENHORA DAS GRACAS,411640,2016,616,0,0,01/01/2016
NOVA ALIANCA DO IVAI,411650,2016,178,0,0,01/01/2016
NOVA AMERICA DA COLINA,411660,2016,525,0,0,01/01/2016
NOVA AURORA,411670,2016,1998,0,0,01/01/2016
NOVA CANTU,411680,2016,1004,0,0,01/01/2016
NOVA ESPERANCA,411690,2016,4541,0,0,01/01/2016
NOVA ESPERANCA DO SUDOESTE,411695,2016,774,0,0,01/01/2016
NOVA FATIMA,411700,2016,1363,0,0,01/01/2016
NOVA LARANJEIRAS,411705,2016,1473,5,33.9443312966735,01/01/2016
NOVA LONDRINA,411710,2016,1967,1,5.08388408744281,01/01/2016
NOVA OLIMPIA,411720,2016,1027,0,0,01/01/2016
NOVA SANTA BARBARA,411721,2016,767,0,0,01/01/2016
NOVA SANTA ROSA,411722,2016,1442,0,0,01/01/2016
NOVA PRATA DO IGUACU,411725,2016,1630,0,0,01/01/2016
NOVA TEBAS,411727,2016,1143,0,0,01/01/2016
NOVO ITACOLOMI,411729,2016,536,0,0,01/01/2016
ORTIGUEIRA,411730,2016,3185,0,0,01/01/2016
OURIZONA,411740,2016,621,0,0,01/01/2016
OURO VERDE DO OESTE,411745,2016,894,0,0,01/01/2016
PAICANDU,411750,2016,4929,0,0,01/01/2016
PALMAS,411760,2016,4288,0,0,01/01/2016
PALMEIRA,411770,2016,4217,0,0,01/01/2016
PALMITAL,411780,2016,1980,7,35.3535353535354,01/01/2016
PALOTINA,411790,2016,4659,0,0,01/01/2016
PARAISO DO NORTE,411800,2016,1745,4,22.9226361031519,01/01/2016
PARANACITY,411810,2016,1367,0,0,01/01/2016
PARANAGUA,411820,2016,16031,37,23.0802819537147,01/01/2016
PARANAPOEMA,411830,2016,341,0,0,01/01/2016
PARANAVAI,411840,2016,13731,6,4.36967445925279,01/01/2016
PATO BRAGADO,411845,2016,833,0,0,01/01/2016
PATO BRANCO,411850,2016,10324,288,278.961642774119,01/01/2016
PAULA FREITAS,411860,2016,843,17,201.660735468565,01/01/2016
PAULO FRONTIN,411870,2016,1106,11,99.4575045207957,01/01/2016
PEABIRU,411880,2016,2097,0,0,01/01/2016
PEROBAL,411885,2016,944,0,0,01/01/2016
PEROLA,411890,2016,1980,0,0,01/01/2016
PEROLA D'OESTE,411900,2016,1236,0,0,01/01/2016
PIEN,411910,2016,1330,3,22.5563909774436,01/01/2016
PINHAIS,411915,2016,13532,17,12.5628140703518,01/01/2016
PINHALAO,411920,2016,1029,1,9.71817298347911,01/01/2016
PINHAL DE SAO BENTO,411925,2016,388,0,0,01/01/2016
PINHAO,411930,2016,3361,16,47.6048795001488,01/01/2016
PIRAI DO SUL,411940,2016,3329,0,0,01/01/2016
PIRAQUARA,411950,2016,8661,8,9.23680868260016,01/01/2016
PITANGA,411960,2016,4272,20,46.8164794007491,01/01/2016
PITANGUEIRAS,411965,2016,424,0,0,01/01/2016
PLANALTINA DO PARANA,411970,2016,678,0,0,01/01/2016
PLANALTO,411980,2016,2543,0,0,01/01/2016
PONTA GROSSA,411990,2016,41526,4,0.963251938544526,01/01/2016
PONTAL DO PARANA,411995,2016,4237,49,115.647864054756,01/01/2016
PORECATU,412000,2016,2342,2,8.5397096498719,01/01/2016
PORTO AMAZONAS,412010,2016,634,0,0,01/01/2016
PORTO BARREIRO,412015,2016,496,2,40.3225806451613,01/01/2016
PORTO RICO,412020,2016,354,2,56.4971751412429,01/01/2016
PORTO VITORIA,412030,2016,630,7,111.111111111111,01/01/2016
PRADO FERREIRA,412033,2016,563,0,0,01/01/2016
PRANCHITA,412035,2016,999,0,0,01/01/2016
PRESIDENTE CASTELO BRANCO,412040,2016,669,0,0,01/01/2016
PRIMEIRO DE MAIO,412050,2016,2145,2,9.32400932400932,01/01/2016
PRUDENTOPOLIS,412060,2016,7064,45,63.7032842582107,01/01/2016
QUARTO CENTENARIO,412065,2016,728,0,0,01/01/2016
QUATIGUA,412070,2016,1295,8,61.7760617760618,01/01/2016
QUATRO BARRAS,412080,2016,2311,3,12.9813933362181,01/01/2016
QUATRO PONTES,412085,2016,743,0,0,01/01/2016
QUEDAS DO IGUACU,412090,2016,4207,1,2.37699072973615,01/01/2016
QUERENCIA DO NORTE,412100,2016,1697,0,0,01/01/2016
QUINTA DO SOL,412110,2016,815,0,0,01/01/2016
QUITANDINHA,412120,2016,2525,1,3.96039603960396,01/01/2016
RAMILANDIA,412125,2016,583,2,34.3053173241852,01/01/2016
RANCHO ALEGRE,412130,2016,808,0,0,01/01/2016
RANCHO ALEGRE D'OESTE,412135,2016,456,0,0,01/01/2016
REALEZA,412140,2016,2758,0,0,01/01/2016
REBOUCAS,412150,2016,2026,1,4.93583415597236,01/01/2016
RENASCENCA,412160,2016,976,0,0,01/01/2016
RESERVA,412170,2016,3086,0,0,01/01/2016
RESERVA DO IGUACU,412175,2016,750,2,26.6666666666667,01/01/2016
RIBEIRAO CLARO,412180,2016,1848,3,16.2337662337662,01/01/2016
RIBEIRAO DO PINHAL,412190,2016,2381,0,0,01/01/2016
RIO AZUL,412200,2016,1850,1,5.40540540540541,01/01/2016
RIO BOM,412210,2016,679,0,0,01/01/2016
RIO BONITO DO IGUACU,412215,2016,1758,1,5.68828213879408,01/01/2016
RIO BRANCO DO IVAI,412217,2016,532,0,0,01/01/2016
RIO BRANCO DO SUL,412220,2016,3007,5,16.627868307283,01/01/2016
RIO NEGRO,412230,2016,4346,4,9.2038656235619,01/01/2016
ROLANDIA,412240,2016,9108,4,4.39174352217831,01/01/2016
RONCADOR,412250,2016,1673,0,0,01/01/2016
RONDON,412260,2016,1343,72,536.113179448995,01/01/2016
ROSARIO DO IVAI,412265,2016,909,0,0,01/01/2016
SABAUDIA,412270,2016,1032,0,0,01/01/2016
SALGADO FILHO,412280,2016,700,0,0,01/01/2016
SALTO DO ITARARE,412290,2016,988,3,30.3643724696356,01/01/2016
SALTO DO LONTRA,412300,2016,1968,0,0,01/01/2016
SANTA AMELIA,412310,2016,658,0,0,01/01/2016
SANTA CECILIA DO PAVAO,412320,2016,628,0,0,01/01/2016
SANTA CRUZ DE MONTE CASTELO,412330,2016,1356,0,0,01/01/2016
SANTA FE,412340,2016,1852,0,0,01/01/2016
SANTA HELENA,412350,2016,4138,0,0,01/01/2016
SANTA INES,412360,2016,273,0,0,01/01/2016
SANTA ISABEL DO IVAI,412370,2016,1680,0,0,01/01/2016
SANTA IZABEL DO OESTE,412380,2016,2142,0,0,01/01/2016
SANTA LUCIA,412382,2016,738,0,0,01/01/2016
SANTA MARIA DO OESTE,412385,2016,1427,0,0,01/01/2016
SANTA MARIANA,412390,2016,2447,0,0,01/01/2016
SANTA MONICA,412395,2016,476,4,84.0336134453782,01/01/2016
SANTANA DO ITARARE,412400,2016,829,2,24.1254523522316,01/01/2016
SANTA TEREZA DO OESTE,412402,2016,1178,0,0,01/01/2016
SANTA TEREZINHA DE ITAIPU,412405,2016,3079,2,6.49561545956479,01/01/2016
SANTO ANTONIO DA PLATINA,412410,2016,6745,7,10.3780578206079,01/01/2016
SANTO ANTONIO DO CAIUA,412420,2016,463,0,0,01/01/2016
SANTO ANTONIO DO PARAISO,412430,2016,401,0,0,01/01/2016
SANTO ANTONIO DO SUDOESTE,412440,2016,2949,0,0,01/01/2016
SANTO INACIO,412450,2016,818,0,0,01/01/2016
SAO CARLOS DO IVAI,412460,2016,954,1,10.482180293501,01/01/2016
SAO JERONIMO DA SERRA,412470,2016,1689,0,0,01/01/2016
SAO JOAO,412480,2016,1922,4,20.8116545265349,01/01/2016
SAO JOAO DO CAIUA,412490,2016,912,2,21.9298245614035,01/01/2016
SAO JOAO DO IVAI,412500,2016,2166,0,0,01/01/2016
SAO JOAO DO TRIUNFO,412510,2016,1602,1,6.24219725343321,01/01/2016
SAO JORGE D'OESTE,412520,2016,1532,0,0,01/01/2016
SAO JORGE DO IVAI,412530,2016,1100,0,0,01/01/2016
SAO JORGE DO PATROCINIO,412535,2016,1212,17,140.26402640264,01/01/2016
SAO JOSE DA BOA VISTA,412540,2016,1094,0,0,01/01/2016
SAO JOSE DAS PALMEIRAS,412545,2016,594,0,0,01/01/2016
SAO JOSE DOS PINHAIS,412550,2016,28098,59,20.9979357961421,01/01/2016
SAO MANOEL DO PARANA,412555,2016,407,9,221.130221130221,01/01/2016
SAO MATEUS DO SUL,412560,2016,5163,5,9.68429207824908,01/01/2016
SAO MIGUEL DO IGUACU,412570,2016,3926,11,28.0183392766174,01/01/2016
SAO PEDRO DO IGUACU,412575,2016,1141,0,0,01/01/2016
SAO PEDRO DO IVAI,412580,2016,1553,0,0,01/01/2016
SAO PEDRO DO PARANA,412590,2016,420,1,23.8095238095238,01/01/2016
SAO SEBASTIAO DA AMOREIRA,412600,2016,1401,0,0,01/01/2016
SAO TOME,412610,2016,800,40,500,01/01/2016
SAPOPEMA,412620,2016,946,0,0,01/01/2016
SARANDI,412625,2016,10913,1,0.916338312104829,01/01/2016
SAUDADE DO IGUACU,412627,2016,765,6,78.4313725490196,01/01/2016
SENGES,412630,2016,2003,0,0,01/01/2016
SERRANOPOLIS DO IGUACU,412635,2016,953,1,10.4931794333683,01/01/2016
SERTANEJA,412640,2016,1144,0,0,01/01/2016
SERTANOPOLIS,412650,2016,2710,5,18.450184501845,01/01/2016
SIQUEIRA CAMPOS,412660,2016,2975,4,13.4453781512605,01/01/2016
SULINA,412665,2016,642,1,15.5763239875389,01/01/2016
TAMARANA,412667,2016,1734,1,5.76701268742791,01/01/2016
TAMBOARA,412670,2016,803,0,0,01/01/2016
TAPEJARA,412680,2016,1974,44,222.89766970618,01/01/2016
TAPIRA,412690,2016,1062,0,0,01/01/2016
TEIXEIRA SOARES,412700,2016,1368,0,0,01/01/2016
TELEMACO BORBA,412710,2016,8868,1,1.127649977447,01/01/2016
TERRA BOA,412720,2016,2603,0,0,01/01/2016
TERRA RICA,412730,2016,2480,4,16.1290322580645,01/01/2016
TERRA ROXA,412740,2016,2874,0,0,01/01/2016
TIBAGI,412750,2016,2388,0,0,01/01/2016
TIJUCAS DO SUL,412760,2016,2114,0,0,01/01/2016
TOLEDO,412770,2016,16514,0,0,01/01/2016
TOMAZINA,412780,2016,1422,4,28.1293952180028,01/01/2016
TRES BARRAS DO PARANA,412785,2016,1731,0,0,01/01/2016
TUNAS DO PARANA,412788,2016,468,0,0,01/01/2016
TUNEIRAS DO OESTE,412790,2016,1277,31,242.75646045419,01/01/2016
TUPASSI,412795,2016,1592,0,0,01/01/2016
TURVO,412796,2016,1729,17,98.3227299016773,01/01/2016
UBIRATA,412800,2016,3604,0,0,01/01/2016
UMUARAMA,412810,2016,16453,188,114.264875706558,01/01/2016
UNIAO DA VITORIA,412820,2016,7512,60,79.8722044728435,01/01/2016
UNIFLOR,412830,2016,401,0,0,01/01/2016
URAI,412840,2016,2330,0,0,01/01/2016
WENCESLAU BRAZ,412850,2016,3072,1,3.25520833333333,01/01/2016
VENTANIA,412853,2016,1169,0,0,01/01/2016
VERA CRUZ DO OESTE,412855,2016,1557,0,0,01/01/2016
VERE,412860,2016,1355,0,0,01/01/2016
ALTO PARAISO,412862,2016,452,0,0,01/01/2016
DOUTOR ULYSSES,412863,2016,685,1,14.5985401459854,01/01/2016
VIRMOND,412865,2016,624,0,0,01/01/2016
VITORINO,412870,2016,1040,7,67.3076923076923,01/01/2016
XAMBRE,412880,2016,1163,0,0,01/01/2016
ABATIA,410010,2017,1338,1,7.47384155455904,01/01/2017
ADRIANOPOLIS,410020,2017,1049,0,0,01/01/2017
AGUDOS DO SUL,410030,2017,1249,8,64.0512409927942,01/01/2017
ALMIRANTE TAMANDARE,410040,2017,10912,27,24.7434017595308,01/01/2017
ALTAMIRA DO PARANA,410045,2017,433,10,230.94688221709,01/01/2017
ALTONIA,410050,2017,3803,21,55.219563502498,01/01/2017
ALTO PARANA,410060,2017,2202,8,36.330608537693,01/01/2017
ALTO PIQUIRI,410070,2017,1678,4,23.8379022646007,01/01/2017
ALVORADA DO SUL,410080,2017,1926,2,10.3842159916926,01/01/2017
AMAPORA,410090,2017,675,1,14.8148148148148,01/01/2017
AMPERE,410100,2017,2594,0,0,01/01/2017
ANAHY,410105,2017,548,0,0,01/01/2017
ANDIRA,410110,2017,3701,0,0,01/01/2017
ANGULO,410115,2017,451,0,0,01/01/2017
ANTONINA,410120,2017,3194,24,75.1408891671885,01/01/2017
ANTONIO OLINTO,410130,2017,1252,19,151.757188498403,01/01/2017
APUCARANA,410140,2017,20419,0,0,01/01/2017
ARAPONGAS,410150,2017,17058,19,11.138468753664,01/01/2017
ARAPOTI,410160,2017,3289,0,0,01/01/2017
ARAPUA,410165,2017,681,0,0,01/01/2017
ARARUNA,410170,2017,2264,48,212.014134275618,01/01/2017
ARAUCARIA,410180,2017,13534,8,5.91103886508054,01/01/2017
ARIRANHA DO IVAI,410185,2017,454,0,0,01/01/2017
ASSAI,410190,2017,2900,5,17.2413793103448,01/01/2017
ASSIS CHATEAUBRIAND,410200,2017,6203,0,0,01/01/2017
ASTORGA,410210,2017,4669,0,0,01/01/2017
ATALAIA,410220,2017,772,0,0,01/01/2017
BALSA NOVA,410230,2017,1550,5,32.258064516129,01/01/2017
BANDEIRANTES,410240,2017,5414,1,1.8470631695604,01/01/2017
BARBOSA FERRAZ,410250,2017,2341,35,149.508756941478,01/01/2017
BARRACAO,410260,2017,1550,0,0,01/01/2017
BARRA DO JACARE,410270,2017,588,7,119.047619047619,01/01/2017
BELA VISTA DA CAROBA,410275,2017,704,0,0,01/01/2017
BELA VISTA DO PARAISO,410280,2017,2987,2,6.69568128557081,01/01/2017
BITURUNA,410290,2017,1907,1,5.24383848977452,01/01/2017
BOA ESPERANCA,410300,2017,788,8,101.522842639594,01/01/2017
BOA ESPERANCA DO IGUACU,410302,2017,371,0,0,01/01/2017
BOA VENTURA DE SAO ROQUE,410304,2017,759,8,105.401844532279,01/01/2017
BOA VISTA DA APARECIDA,410305,2017,1393,0,0,01/01/2017
BOCAIUVA DO SUL,410310,2017,1470,1,6.80272108843537,01/01/2017
BOM JESUS DO SUL,410315,2017,781,0,0,01/01/2017
BOM SUCESSO,410320,2017,1026,0,0,01/01/2017
BOM SUCESSO DO SUL,410322,2017,602,5,83.0564784053156,01/01/2017
BORRAZOPOLIS,410330,2017,1495,0,0,01/01/2017
BRAGANEY,410335,2017,893,0,0,01/01/2017
BRASILANDIA DO SUL,410337,2017,526,2,38.0228136882129,01/01/2017
CAFEARA,410340,2017,420,1,23.8095238095238,01/01/2017
CAFELANDIA,410345,2017,1913,0,0,01/01/2017
CAFEZAL DO SUL,410347,2017,819,10,122.100122100122,01/01/2017
CALIFORNIA,410350,2017,1406,0,0,01/01/2017
CAMBARA,410360,2017,4309,12,27.8486887909028,01/01/2017
CAMBE,410370,2017,15794,208,131.695580600228,01/01/2017
CAMBIRA,410380,2017,1335,0,0,01/01/2017
CAMPINA DA LAGOA,410390,2017,2598,34,130.869899923018,01/01/2017
CAMPINA DO SIMAO,410395,2017,492,6,121.951219512195,01/01/2017
CAMPINA GRANDE DO SUL,410400,2017,4322,3,6.94123091161499,01/01/2017
CAMPO BONITO,410405,2017,601,0,0,01/01/2017
CAMPO DO TENENTE,410410,2017,833,2,24.0096038415366,01/01/2017
CAMPO LARGO,410420,2017,14988,10,6.67200427008273,01/01/2017
CAMPO MAGRO,410425,2017,2965,3,10.1180438448567,01/01/2017
CAMPO MOURAO,410430,2017,13420,414,308.49478390462,01/01/2017
CANDIDO DE ABREU,410440,2017,2324,0,0,01/01/2017
CANDOI,410442,2017,1805,9,49.8614958448754,01/01/2017
CANTAGALO,410445,2017,1712,13,75.9345794392523,01/01/2017
CAPANEMA,410450,2017,3348,0,0,01/01/2017
CAPITAO LEONIDAS MARQUES,410460,2017,2509,0,0,01/01/2017
CARAMBEI,410465,2017,1991,0,0,01/01/2017
CARLOPOLIS,410470,2017,2342,3,12.8095644748079,01/01/2017
CASCAVEL,410480,2017,38716,14,3.61607604091332,01/01/2017
CASTRO,410490,2017,8097,2,2.47005063603804,01/01/2017
CATANDUVAS,410500,2017,1402,0,0,01/01/2017
CENTENARIO DO SUL,410510,2017,1853,2,10.7933081489477,01/01/2017
CERRO AZUL,410520,2017,2290,1,4.36681222707424,01/01/2017
CEU AZUL,410530,2017,1877,2,10.6553010122536,01/01/2017
CHOPINZINHO,410540,2017,3124,16,51.2163892445583,01/01/2017
CIANORTE,410550,2017,10943,635,580.279630814219,01/01/2017
CIDADE GAUCHA,410560,2017,1598,9,56.3204005006258,01/01/2017
CLEVELANDIA,410570,2017,2650,1,3.77358490566038,01/01/2017
COLOMBO,410580,2017,23270,53,22.7761065749893,01/01/2017
COLORADO,410590,2017,4127,0,0,01/01/2017
CONGONHINHAS,410600,2017,1436,1,6.96378830083565,01/01/2017
CONSELHEIRO MAIRINCK,410610,2017,644,3,46.583850931677,01/01/2017
CONTENDA,410620,2017,2294,21,91.5431560592851,01/01/2017
CORBELIA,410630,2017,2618,0,0,01/01/2017
CORNELIO PROCOPIO,410640,2017,8944,1,1.11806797853309,01/01/2017
CORONEL DOMINGOS SOARES,410645,2017,730,0,0,01/01/2017
CORONEL VIVIDA,410650,2017,3695,2,5.4127198917456,01/01/2017
CORUMBATAI DO SUL,410655,2017,670,47,701.492537313433,01/01/2017
CRUZEIRO DO IGUACU,410657,2017,673,0,0,01/01/2017
CRUZEIRO DO OESTE,410660,2017,3655,0,0,01/01/2017
CRUZEIRO DO SUL,410670,2017,732,1,13.6612021857924,01/01/2017
CRUZ MACHADO,410680,2017,2375,6,25.2631578947368,01/01/2017
CRUZMALTINA,410685,2017,530,0,0,01/01/2017
CURITIBA,410690,2017,279124,1761,63.0902394634643,01/01/2017
CURIUVA,410700,2017,2071,0,0,01/01/2017
DIAMANTE DO NORTE,410710,2017,1027,0,0,01/01/2017
DIAMANTE DO SUL,410712,2017,435,0,0,01/01/2017
DIAMANTE D'OESTE,410715,2017,808,0,0,01/01/2017
DOIS VIZINHOS,410720,2017,5258,0,0,01/01/2017
DOURADINA,410725,2017,1230,10,81.3008130081301,01/01/2017
DOUTOR CAMARGO,410730,2017,1270,0,0,01/01/2017
ENEAS MARQUES,410740,2017,962,0,0,01/01/2017
ENGENHEIRO BELTRAO,410750,2017,2317,74,319.378506689685,01/01/2017
ESPERANCA NOVA,410752,2017,389,3,77.120822622108,01/01/2017
ENTRE RIOS DO OESTE,410753,2017,726,0,0,01/01/2017
ESPIGAO ALTO DO IGUACU,410754,2017,765,0,0,01/01/2017
FAROL,410755,2017,524,24,458.015267175573,01/01/2017
FAXINAL,410760,2017,2729,1,3.66434591425431,01/01/2017
FAZENDA RIO GRANDE,410765,2017,8174,44,53.8292145828236,01/01/2017
FENIX,410770,2017,894,11,123.042505592841,01/01/2017
FERNANDES PINHEIRO,410773,2017,715,0,0,01/01/2017
FIGUEIRA,410775,2017,1425,0,0,01/01/2017
FLORAI,410780,2017,1107,0,0,01/01/2017
FLOR DA SERRA DO SUL,410785,2017,752,0,0,01/01/2017
FLORESTA,410790,2017,1038,0,0,01/01/2017
FLORESTOPOLIS,410800,2017,1536,3,19.53125,01/01/2017
FLORIDA,410810,2017,448,0,0,01/01/2017
FORMOSA DO OESTE,410820,2017,1553,0,0,01/01/2017
FOZ DO IGUACU,410830,2017,30699,146,47.5585523958435,01/01/2017
FRANCISCO ALVES,410832,2017,1257,6,47.7326968973747,01/01/2017
FRANCISCO BELTRAO,410840,2017,11721,1,0.853169524784575,01/01/2017
FOZ DO JORDAO,410845,2017,638,4,62.6959247648903,01/01/2017
GENERAL CARNEIRO,410850,2017,1569,4,25.4939451880178,01/01/2017
GODOY MOREIRA,410855,2017,652,0,0,01/01/2017
GOIOERE,410860,2017,4976,115,231.109324758842,01/01/2017
GOIOXIM,410865,2017,905,0,0,01/01/2017
GRANDES RIOS,410870,2017,1007,0,0,01/01/2017
GUAIRA,410880,2017,4790,1,2.08768267223382,01/01/2017
GUAIRACA,410890,2017,1012,1,9.88142292490119,01/01/2017
GUAMIRANGA,410895,2017,1045,0,0,01/01/2017
GUAPIRAMA,410900,2017,598,2,33.4448160535117,01/01/2017
GUAPOREMA,410910,2017,395,11,278.481012658228,01/01/2017
GUARACI,410920,2017,917,2,21.8102508178844,01/01/2017
GUARANIACU,410930,2017,2270,1,4.40528634361234,01/01/2017
GUARAPUAVA,410940,2017,21646,98,45.2739536172965,01/01/2017
GUARAQUECABA,410950,2017,1070,0,0,01/01/2017
GUARATUBA,410960,2017,5568,25,44.8994252873563,01/01/2017
HONORIO SERPA,410965,2017,757,0,0,01/01/2017
IBAITI,410970,2017,4478,7,15.631978561858,01/01/2017
IBEMA,410975,2017,908,2,22.0264317180617,01/01/2017
IBIPORA,410980,2017,8280,10,12.0772946859903,01/01/2017
ICARAIMA,410990,2017,1598,2,12.5156445556946,01/01/2017
IGUARACU,411000,2017,627,0,0,01/01/2017
IGUATU,411005,2017,399,0,0,01/01/2017
IMBAU,411007,2017,1504,2,13.2978723404255,01/01/2017
IMBITUVA,411010,2017,3506,0,0,01/01/2017
INACIO MARTINS,411020,2017,1201,0,0,01/01/2017
INAJA,411030,2017,503,3,59.6421471172962,01/01/2017
INDIANOPOLIS,411040,2017,851,27,317.273795534665,01/01/2017
IPIRANGA,411050,2017,1689,1,5.9206631142688,01/01/2017
IPORA,411060,2017,2802,2,7.13775874375446,01/01/2017
IRACEMA DO OESTE,411065,2017,431,0,0,01/01/2017
IRATI,411070,2017,8405,0,0,01/01/2017
IRETAMA,411080,2017,1776,41,230.855855855856,01/01/2017
ITAGUAJE,411090,2017,706,0,0,01/01/2017
ITAIPULANDIA,411095,2017,1610,28,173.913043478261,01/01/2017
ITAMBARACA,411100,2017,1254,0,0,01/01/2017
ITAMBE,411110,2017,1011,0,0,01/01/2017
ITAPEJARA D'OESTE,411120,2017,1920,3,15.625,01/01/2017
ITAPERUCU,411125,2017,2241,11,49.0852298081214,01/01/2017
ITAUNA DO SUL,411130,2017,549,1,18.2149362477231,01/01/2017
IVAI,411140,2017,1667,1,5.99880023995201,01/01/2017
IVAIPORA,411150,2017,5815,0,0,01/01/2017
IVATE,411155,2017,1163,9,77.3860705073087,01/01/2017
IVATUBA,411160,2017,526,0,0,01/01/2017
JABOTI,411170,2017,869,2,23.0149597238205,01/01/2017
JACAREZINHO,411180,2017,5968,38,63.6729222520107,01/01/2017
JAGUAPITA,411190,2017,2045,3,14.6699266503668,01/01/2017
JAGUARIAIVA,411200,2017,3776,0,0,01/01/2017
JANDAIA DO SUL,411210,2017,3906,0,0,01/01/2017
JANIOPOLIS,411220,2017,1177,24,203.908241291419,01/01/2017
JAPIRA,411230,2017,855,3,35.0877192982456,01/01/2017
JAPURA,411240,2017,1737,55,316.637881404721,01/01/2017
JARDIM ALEGRE,411250,2017,2299,0,0,01/01/2017
JARDIM OLINDA,411260,2017,201,0,0,01/01/2017
JATAIZINHO,411270,2017,1797,1,5.56483027267668,01/01/2017
JESUITAS,411275,2017,1810,0,0,01/01/2017
JOAQUIM TAVORA,411280,2017,1806,5,27.6854928017719,01/01/2017
JUNDIAI DO SUL,411290,2017,607,1,16.4744645799012,01/01/2017
JURANDA,411295,2017,1215,14,115.22633744856,01/01/2017
JUSSARA,411300,2017,1078,34,315.398886827458,01/01/2017
KALORE,411310,2017,971,0,0,01/01/2017
LAPA,411320,2017,6538,52,79.5350260018354,01/01/2017
LARANJAL,411325,2017,644,1,15.527950310559,01/01/2017
LARANJEIRAS DO SUL,411330,2017,4651,28,60.2021070737476,01/01/2017
LEOPOLIS,411340,2017,809,0,0,01/01/2017
LIDIANOPOLIS,411342,2017,801,0,0,01/01/2017
LINDOESTE,411345,2017,918,0,0,01/01/2017
LOANDA,411350,2017,3356,5,14.8986889153754,01/01/2017
LOBATO,411360,2017,701,0,0,01/01/2017
LONDRINA,411370,2017,90066,261,28.9787489174605,01/01/2017
LUIZIANA,411373,2017,1004,17,169.322709163347,01/01/2017
LUNARDELLI,411375,2017,953,0,0,01/01/2017
LUPIONOPOLIS,411380,2017,866,1,11.5473441108545,01/01/2017
MALLET,411390,2017,2052,2,9.74658869395711,01/01/2017
MAMBORE,411400,2017,2181,6,27.5103163686382,01/01/2017
MANDAGUACU,411410,2017,3278,0,0,01/01/2017
MANDAGUARI,411420,2017,6017,1,1.66195778627223,01/01/2017
MANDIRITUBA,411430,2017,3285,2,6.0882800608828,01/01/2017
MANFRINOPOLIS,411435,2017,431,0,0,01/01/2017
MANGUEIRINHA,411440,2017,2187,1,4.57247370827618,01/01/2017
MANOEL RIBAS,411450,2017,1958,1,5.10725229826354,01/01/2017
MARECHAL CANDIDO RONDON,411460,2017,8073,0,0,01/01/2017
MARIA HELENA,411470,2017,1004,0,0,01/01/2017
MARIALVA,411480,2017,5793,0,0,01/01/2017
MARILANDIA DO SUL,411490,2017,1399,0,0,01/01/2017
MARILENA,411500,2017,1239,0,0,01/01/2017
MARILUZ,411510,2017,1536,0,0,01/01/2017
MARINGA,411520,2017,63539,778,122.444482916004,01/01/2017
MARIOPOLIS,411530,2017,1076,1,9.29368029739777,01/01/2017
MARIPA,411535,2017,1132,0,0,01/01/2017
MARMELEIRO,411540,2017,2321,0,0,01/01/2017
MARQUINHO,411545,2017,684,3,43.859649122807,01/01/2017
MARUMBI,411550,2017,818,0,0,01/01/2017
MATELANDIA,411560,2017,2459,30,122.000813338756,01/01/2017
MATINHOS,411570,2017,5775,3,5.1948051948052,01/01/2017
MATO RICO,411573,2017,552,0,0,01/01/2017
MAUA DA SERRA,411575,2017,1035,0,0,01/01/2017
MEDIANEIRA,411580,2017,6219,125,200.996944846438,01/01/2017
MERCEDES,411585,2017,934,0,0,01/01/2017
MIRADOR,411590,2017,341,1,29.3255131964809,01/01/2017
MIRASELVA,411600,2017,424,1,23.5849056603774,01/01/2017
MISSAL,411605,2017,2079,21,101.010101010101,01/01/2017
MOREIRA SALES,411610,2017,2359,34,144.128868164476,01/01/2017
MORRETES,411620,2017,2494,2,8.01924619085806,01/01/2017
MUNHOZ DE MELO,411630,2017,767,1,13.0378096479791,01/01/2017
NOSSA SENHORA DAS GRACAS,411640,2017,637,0,0,01/01/2017
NOVA ALIANCA DO IVAI,411650,2017,184,0,0,01/01/2017
NOVA AMERICA DA COLINA,411660,2017,543,0,0,01/01/2017
NOVA AURORA,411670,2017,2035,0,0,01/01/2017
NOVA CANTU,411680,2017,1007,18,178.748758689176,01/01/2017
NOVA ESPERANCA,411690,2017,4705,1,2.12539851222104,01/01/2017
NOVA ESPERANCA DO SUDOESTE,411695,2017,795,0,0,01/01/2017
NOVA FATIMA,411700,2017,1403,0,0,01/01/2017
NOVA LARANJEIRAS,411705,2017,1503,8,53.226879574185,01/01/2017
NOVA LONDRINA,411710,2017,2028,0,0,01/01/2017
NOVA OLIMPIA,411720,2017,1049,3,28.5986653956149,01/01/2017
NOVA SANTA BARBARA,411721,2017,790,0,0,01/01/2017
NOVA SANTA ROSA,411722,2017,1494,0,0,01/01/2017
NOVA PRATA DO IGUACU,411725,2017,1681,0,0,01/01/2017
NOVA TEBAS,411727,2017,1141,1,8.76424189307625,01/01/2017
NOVO ITACOLOMI,411729,2017,555,0,0,01/01/2017
ORTIGUEIRA,411730,2017,3226,0,0,01/01/2017
OURIZONA,411740,2017,634,0,0,01/01/2017
OURO VERDE DO OESTE,411745,2017,923,0,0,01/01/2017
PAICANDU,411750,2017,5158,0,0,01/01/2017
PALMAS,411760,2017,4462,1,2.24114746750336,01/01/2017
PALMEIRA,411770,2017,4375,1,2.28571428571429,01/01/2017
PALMITAL,411780,2017,2016,12,59.5238095238095,01/01/2017
PALOTINA,411790,2017,4844,0,0,01/01/2017
PARAISO DO NORTE,411800,2017,1806,4,22.1483942414175,01/01/2017
PARANACITY,411810,2017,1412,0,0,01/01/2017
PARANAGUA,411820,2017,16648,45,27.0302739067756,01/01/2017
PARANAPOEMA,411830,2017,359,0,0,01/01/2017
PARANAVAI,411840,2017,14267,2,1.40183640569146,01/01/2017
PATO BRAGADO,411845,2017,862,0,0,01/01/2017
PATO BRANCO,411850,2017,10906,289,264.991747661838,01/01/2017
PAULA FREITAS,411860,2017,865,24,277.456647398844,01/01/2017
PAULO FRONTIN,411870,2017,1138,8,70.298769771529,01/01/2017
PEABIRU,411880,2017,2167,31,143.054914628519,01/01/2017
PEROBAL,411885,2017,975,4,41.025641025641,01/01/2017
PEROLA,411890,2017,2044,6,29.3542074363992,01/01/2017
PEROLA D'OESTE,411900,2017,1276,0,0,01/01/2017
PIEN,411910,2017,1385,11,79.4223826714802,01/01/2017
PINHAIS,411915,2017,14230,67,47.0836261419536,01/01/2017
PINHALAO,411920,2017,1067,0,0,01/01/2017
PINHAL DE SAO BENTO,411925,2017,409,0,0,01/01/2017
PINHAO,411930,2017,3494,19,54.3789353176875,01/01/2017
PIRAI DO SUL,411940,2017,3421,0,0,01/01/2017
PIRAQUARA,411950,2017,9172,10,10.9027474923681,01/01/2017
PITANGA,411960,2017,4362,20,45.8505272810637,01/01/2017
PITANGUEIRAS,411965,2017,442,0,0,01/01/2017
PLANALTINA DO PARANA,411970,2017,695,1,14.3884892086331,01/01/2017
PLANALTO,411980,2017,2605,0,0,01/01/2017
PONTA GROSSA,411990,2017,43167,7,1.62160909954363,01/01/2017
PONTAL DO PARANA,411995,2017,4523,25,55.2730488613752,01/01/2017
PORECATU,412000,2017,2382,1,4.19815281276239,01/01/2017
PORTO AMAZONAS,412010,2017,658,1,15.1975683890578,01/01/2017
PORTO BARREIRO,412015,2017,517,10,193.423597678917,01/01/2017
PORTO RICO,412020,2017,368,1,27.1739130434783,01/01/2017
PORTO VITORIA,412030,2017,654,20,305.810397553517,01/01/2017
PRADO FERREIRA,412033,2017,578,1,17.3010380622837,01/01/2017
PRANCHITA,412035,2017,1021,0,0,01/01/2017
PRESIDENTE CASTELO BRANCO,412040,2017,692,0,0,01/01/2017
PRIMEIRO DE MAIO,412050,2017,2219,8,36.0522757999099,01/01/2017
PRUDENTOPOLIS,412060,2017,7264,61,83.9757709251101,01/01/2017
QUARTO CENTENARIO,412065,2017,748,17,227.272727272727,01/01/2017
QUATIGUA,412070,2017,1351,5,37.0096225018505,01/01/2017
QUATRO BARRAS,412080,2017,2446,4,16.3532297628782,01/01/2017
QUATRO PONTES,412085,2017,770,0,0,01/01/2017
QUEDAS DO IGUACU,412090,2017,4402,1,2.27169468423444,01/01/2017
QUERENCIA DO NORTE,412100,2017,1760,0,0,01/01/2017
QUINTA DO SOL,412110,2017,823,23,279.465370595383,01/01/2017
QUITANDINHA,412120,2017,2608,2,7.66871165644172,01/01/2017
RAMILANDIA,412125,2017,601,4,66.5557404326123,01/01/2017
RANCHO ALEGRE,412130,2017,819,0,0,01/01/2017
RANCHO ALEGRE D'OESTE,412135,2017,468,13,277.777777777778,01/01/2017
REALEZA,412140,2017,2848,0,0,01/01/2017
REBOUCAS,412150,2017,2085,1,4.79616306954437,01/01/2017
RENASCENCA,412160,2017,1008,0,0,01/01/2017
RESERVA,412170,2017,3144,0,0,01/01/2017
RESERVA DO IGUACU,412175,2017,793,3,37.8310214375788,01/01/2017
RIBEIRAO CLARO,412180,2017,1892,9,47.568710359408,01/01/2017
RIBEIRAO DO PINHAL,412190,2017,2432,1,4.11184210526316,01/01/2017
RIO AZUL,412200,2017,1899,0,0,01/01/2017
RIO BOM,412210,2017,696,0,0,01/01/2017
RIO BONITO DO IGUACU,412215,2017,1846,5,27.0855904658722,01/01/2017
RIO BRANCO DO IVAI,412217,2017,549,0,0,01/01/2017
RIO BRANCO DO SUL,412220,2017,3086,6,19.4426441996112,01/01/2017
RIO NEGRO,412230,2017,4512,3,6.64893617021277,01/01/2017
ROLANDIA,412240,2017,9488,7,7.37774030354132,01/01/2017
RONCADOR,412250,2017,1685,12,71.2166172106825,01/01/2017
RONDON,412260,2017,1384,62,447.976878612717,01/01/2017
ROSARIO DO IVAI,412265,2017,907,0,0,01/01/2017
SABAUDIA,412270,2017,1067,2,18.7441424554827,01/01/2017
SALGADO FILHO,412280,2017,713,0,0,01/01/2017
SALTO DO ITARARE,412290,2017,1005,4,39.8009950248756,01/01/2017
SALTO DO LONTRA,412300,2017,2029,0,0,01/01/2017
SANTA AMELIA,412310,2017,672,0,0,01/01/2017
SANTA CECILIA DO PAVAO,412320,2017,636,0,0,01/01/2017
SANTA CRUZ DE MONTE CASTELO,412330,2017,1391,2,14.3781452192667,01/01/2017
SANTA FE,412340,2017,1928,0,0,01/01/2017
SANTA HELENA,412350,2017,4316,0,0,01/01/2017
SANTA INES,412360,2017,277,0,0,01/01/2017
SANTA ISABEL DO IVAI,412370,2017,1717,2,11.648223645894,01/01/2017
SANTA IZABEL DO OESTE,412380,2017,2228,0,0,01/01/2017
SANTA LUCIA,412382,2017,746,0,0,01/01/2017
SANTA MARIA DO OESTE,412385,2017,1439,1,6.94927032661571,01/01/2017
SANTA MARIANA,412390,2017,2493,1,4.01123144805455,01/01/2017
SANTA MONICA,412395,2017,490,2,40.8163265306123,01/01/2017
SANTANA DO ITARARE,412400,2017,842,1,11.8764845605701,01/01/2017
SANTA TEREZA DO OESTE,412402,2017,1211,1,8.25763831544178,01/01/2017
SANTA TEREZINHA DE ITAIPU,412405,2017,3273,1,3.05530094714329,01/01/2017
SANTO ANTONIO DA PLATINA,412410,2017,6961,30,43.097256141359,01/01/2017
SANTO ANTONIO DO CAIUA,412420,2017,475,2,42.1052631578947,01/01/2017
SANTO ANTONIO DO PARAISO,412430,2017,415,0,0,01/01/2017
SANTO ANTONIO DO SUDOESTE,412440,2017,3057,0,0,01/01/2017
SANTO INACIO,412450,2017,839,0,0,01/01/2017
SAO CARLOS DO IVAI,412460,2017,989,0,0,01/01/2017
SAO JERONIMO DA SERRA,412470,2017,1722,0,0,01/01/2017
SAO JOAO,412480,2017,1978,0,0,01/01/2017
SAO JOAO DO CAIUA,412490,2017,933,0,0,01/01/2017
SAO JOAO DO IVAI,412500,2017,2198,0,0,01/01/2017
SAO JOAO DO TRIUNFO,412510,2017,1657,0,0,01/01/2017
SAO JORGE D'OESTE,412520,2017,1577,0,0,01/01/2017
SAO JORGE DO IVAI,412530,2017,1133,0,0,01/01/2017
SAO JORGE DO PATROCINIO,412535,2017,1239,1,8.07102502017756,01/01/2017
SAO JOSE DA BOA VISTA,412540,2017,1112,1,8.99280575539568,01/01/2017
SAO JOSE DAS PALMEIRAS,412545,2017,597,0,0,01/01/2017
SAO JOSE DOS PINHAIS,412550,2017,29671,77,25.9512655454821,01/01/2017
SAO MANOEL DO PARANA,412555,2017,422,17,402.843601895735,01/01/2017
SAO MATEUS DO SUL,412560,2017,5362,178,331.965684446102,01/01/2017
SAO MIGUEL DO IGUACU,412570,2017,4115,13,31.591737545565,01/01/2017
SAO PEDRO DO IGUACU,412575,2017,1166,0,0,01/01/2017
SAO PEDRO DO IVAI,412580,2017,1609,0,0,01/01/2017
SAO PEDRO DO PARANA,412590,2017,430,1,23.2558139534884,01/01/2017
SAO SEBASTIAO DA AMOREIRA,412600,2017,1448,0,0,01/01/2017
SAO TOME,412610,2017,829,34,410.132689987937,01/01/2017
SAPOPEMA,412620,2017,958,0,0,01/01/2017
SARANDI,412625,2017,11430,1,0.874890638670166,01/01/2017
SAUDADE DO IGUACU,412627,2017,799,2,25.0312891113892,01/01/2017
SENGES,412630,2017,2066,0,0,01/01/2017
SERRANOPOLIS DO IGUACU,412635,2017,980,6,61.2244897959184,01/01/2017
SERTANEJA,412640,2017,1168,0,0,01/01/2017
SERTANOPOLIS,412650,2017,2803,8,28.5408490902604,01/01/2017
SIQUEIRA CAMPOS,412660,2017,3086,2,6.48088139987038,01/01/2017
SULINA,412665,2017,649,0,0,01/01/2017
TAMARANA,412667,2017,1806,3,16.6112956810631,01/01/2017
TAMBOARA,412670,2017,831,1,12.0336943441637,01/01/2017
TAPEJARA,412680,2017,2047,68,332.19345383488,01/01/2017
TAPIRA,412690,2017,1081,6,55.5041628122109,01/01/2017
TEIXEIRA SOARES,412700,2017,1440,1,6.94444444444445,01/01/2017
TELEMACO BORBA,412710,2017,9193,1,1.08778418361797,01/01/2017
TERRA BOA,412720,2017,2685,98,364.990689013035,01/01/2017
TERRA RICA,412730,2017,2551,8,31.3602508820071,01/01/2017
TERRA ROXA,412740,2017,2955,0,0,01/01/2017
TIBAGI,412750,2017,2464,0,0,01/01/2017
TIJUCAS DO SUL,412760,2017,2191,0,0,01/01/2017
TOLEDO,412770,2017,17425,1,0.573888091822095,01/01/2017
TOMAZINA,412780,2017,1442,7,48.5436893203884,01/01/2017
TRES BARRAS DO PARANA,412785,2017,1777,0,0,01/01/2017
TUNAS DO PARANA,412788,2017,472,0,0,01/01/2017
TUNEIRAS DO OESTE,412790,2017,1301,23,176.787086856264,01/01/2017
TUPASSI,412795,2017,1640,0,0,01/01/2017
TURVO,412796,2017,1769,14,79.1407574901074,01/01/2017
UBIRATA,412800,2017,3714,18,48.4652665589661,01/01/2017
UMUARAMA,412810,2017,17175,465,270.742358078603,01/01/2017
UNIAO DA VITORIA,412820,2017,7781,81,104.099730111811,01/01/2017
UNIFLOR,412830,2017,407,1,24.5700245700246,01/01/2017
URAI,412840,2017,2395,0,0,01/01/2017
WENCESLAU BRAZ,412850,2017,3157,13,41.1783338612607,01/01/2017
VENTANIA,412853,2017,1206,0,0,01/01/2017
VERA CRUZ DO OESTE,412855,2017,1592,0,0,01/01/2017
VERE,412860,2017,1386,0,0,01/01/2017
ALTO PARAISO,412862,2017,460,1,21.7391304347826,01/01/2017
DOUTOR ULYSSES,412863,2017,699,0,0,01/01/2017
VIRMOND,412865,2017,638,0,0,01/01/2017
VITORINO,412870,2017,1068,2,18.7265917602996,01/01/2017
XAMBRE,412880,2017,1175,7,59.5744680851064,01/01/2017
ABATIA,410010,2018,1380,0,0,01/01/2018
ADRIANOPOLIS,410020,2018,1065,0,0,01/01/2018
AGUDOS DO SUL,410030,2018,1300,4,30.7692307692308,01/01/2018
ALMIRANTE TAMANDARE,410040,2018,11504,37,32.1627260083449,01/01/2018
ALTAMIRA DO PARANA,410045,2018,399,1,25.062656641604,01/01/2018
ALTONIA,410050,2018,3892,4,10.2774922918808,01/01/2018
ALTO PARANA,410060,2018,2288,3,13.1118881118881,01/01/2018
ALTO PIQUIRI,410070,2018,1717,1,5.824111822947,01/01/2018
ALVORADA DO SUL,410080,2018,2004,1,4.99001996007984,01/01/2018
AMAPORA,410090,2018,706,3,42.4929178470255,01/01/2018
AMPERE,410100,2018,2698,8,29.6515937731653,01/01/2018
ANAHY,410105,2018,562,0,0,01/01/2018
ANDIRA,410110,2018,3783,1,2.64340470526038,01/01/2018
ANGULO,410115,2018,464,0,0,01/01/2018
ANTONINA,410120,2018,3272,9,27.5061124694377,01/01/2018
ANTONIO OLINTO,410130,2018,1279,19,148.553557466771,01/01/2018
APUCARANA,410140,2018,21263,0,0,01/01/2018
ARAPONGAS,410150,2018,17818,1,0.561230216634864,01/01/2018
ARAPOTI,410160,2018,3431,0,0,01/01/2018
ARAPUA,410165,2018,691,1,14.4717800289436,01/01/2018
ARARUNA,410170,2018,2342,26,111.016225448335,01/01/2018
ARAUCARIA,410180,2018,14319,159,111.041273831972,01/01/2018
ARIRANHA DO IVAI,410185,2018,456,0,0,01/01/2018
ASSAI,410190,2018,2946,2,6.78886625933469,01/01/2018
ASSIS CHATEAUBRIAND,410200,2018,6369,4,6.28042078819281,01/01/2018
ASTORGA,410210,2018,4838,1,2.0669698222406,01/01/2018
ATALAIA,410220,2018,795,0,0,01/01/2018
BALSA NOVA,410230,2018,1624,0,0,01/01/2018
BANDEIRANTES,410240,2018,5574,2,3.5880875493362,01/01/2018
BARBOSA FERRAZ,410250,2018,2373,41,172.777075431943,01/01/2018
BARRACAO,410260,2018,1618,1,6.18046971569839,01/01/2018
BARRA DO JACARE,410270,2018,606,5,82.5082508250825,01/01/2018
BELA VISTA DA CAROBA,410275,2018,724,1,13.8121546961326,01/01/2018
BELA VISTA DO PARAISO,410280,2018,3085,2,6.48298217179903,01/01/2018
BITURUNA,410290,2018,1965,47,239.185750636132,01/01/2018
BOA ESPERANCA,410300,2018,810,20,246.913580246914,01/01/2018
BOA ESPERANCA DO IGUACU,410302,2018,380,2,52.6315789473684,01/01/2018
BOA VENTURA DE SAO ROQUE,410304,2018,776,6,77.319587628866,01/01/2018
BOA VISTA DA APARECIDA,410305,2018,1422,1,7.0323488045007,01/01/2018
BOCAIUVA DO SUL,410310,2018,1516,11,72.5593667546174,01/01/2018
BOM JESUS DO SUL,410315,2018,799,5,62.5782227784731,01/01/2018
BOM SUCESSO,410320,2018,1051,0,0,01/01/2018
BOM SUCESSO DO SUL,410322,2018,621,18,289.855072463768,01/01/2018
BORRAZOPOLIS,410330,2018,1507,0,0,01/01/2018
BRAGANEY,410335,2018,918,0,0,01/01/2018
BRASILANDIA DO SUL,410337,2018,525,1,19.0476190476191,01/01/2018
CAFEARA,410340,2018,433,1,23.094688221709,01/01/2018
CAFELANDIA,410345,2018,2029,0,0,01/01/2018
CAFEZAL DO SUL,410347,2018,831,3,36.101083032491,01/01/2018
CALIFORNIA,410350,2018,1453,0,0,01/01/2018
CAMBARA,410360,2018,4447,19,42.7254328760963,01/01/2018
CAMBE,410370,2018,16493,103,62.4507366761657,01/01/2018
CAMBIRA,410380,2018,1393,0,0,01/01/2018
CAMPINA DA LAGOA,410390,2018,2660,29,109.022556390977,01/01/2018
CAMPINA DO SIMAO,410395,2018,505,7,138.613861386139,01/01/2018
CAMPINA GRANDE DO SUL,410400,2018,4554,32,70.2678963548529,01/01/2018
CAMPO BONITO,410405,2018,607,0,0,01/01/2018
CAMPO DO TENENTE,410410,2018,863,8,92.6998841251448,01/01/2018
CAMPO LARGO,410420,2018,15696,12,7.64525993883792,01/01/2018
CAMPO MAGRO,410425,2018,3124,10,32.0102432778489,01/01/2018
CAMPO MOURAO,410430,2018,14016,642,458.04794520548,01/01/2018
CANDIDO DE ABREU,410440,2018,2363,0,0,01/01/2018
CANDOI,410442,2018,1890,5,26.4550264550265,01/01/2018
CANTAGALO,410445,2018,1772,11,62.0767494356659,01/01/2018
CAPANEMA,410450,2018,3455,3,8.68306801736614,01/01/2018
CAPITAO LEONIDAS MARQUES,410460,2018,2595,0,0,01/01/2018
CARAMBEI,410465,2018,2098,0,0,01/01/2018
CARLOPOLIS,410470,2018,2416,6,24.8344370860927,01/01/2018
CASCAVEL,410480,2018,40808,13,3.18564987257401,01/01/2018
CASTRO,410490,2018,8346,0,0,01/01/2018
CATANDUVAS,410500,2018,1441,0,0,01/01/2018
CENTENARIO DO SUL,410510,2018,1896,5,26.3713080168776,01/01/2018
CERRO AZUL,410520,2018,2346,1,4.26257459505541,01/01/2018
CEU AZUL,410530,2018,1934,2,10.3412616339193,01/01/2018
CHOPINZINHO,410540,2018,3226,28,86.7947923124613,01/01/2018
CIANORTE,410550,2018,11379,633,556.287898760875,01/01/2018
CIDADE GAUCHA,410560,2018,1656,14,84.5410628019324,01/01/2018
CLEVELANDIA,410570,2018,2731,21,76.8949102892713,01/01/2018
COLOMBO,410580,2018,24537,99,40.3472307128011,01/01/2018
COLORADO,410590,2018,4317,0,0,01/01/2018
CONGONHINHAS,410600,2018,1477,3,20.31144211239,01/01/2018
CONSELHEIRO MAIRINCK,410610,2018,659,4,60.6980273141123,01/01/2018
CONTENDA,410620,2018,2380,37,155.46218487395,01/01/2018
CORBELIA,410630,2018,2720,0,0,01/01/2018
CORNELIO PROCOPIO,410640,2018,9260,0,0,01/01/2018
CORONEL DOMINGOS SOARES,410645,2018,754,0,0,01/01/2018
CORONEL VIVIDA,410650,2018,3802,6,15.7811678064177,01/01/2018
CORUMBATAI DO SUL,410655,2018,672,90,1339.28571428571,01/01/2018
CRUZEIRO DO IGUACU,410657,2018,694,2,28.8184438040346,01/01/2018
CRUZEIRO DO OESTE,410660,2018,3765,2,5.31208499335989,01/01/2018
CRUZEIRO DO SUL,410670,2018,755,1,13.2450331125828,01/01/2018
CRUZ MACHADO,410680,2018,2448,1,4.08496732026144,01/01/2018
CRUZMALTINA,410685,2018,543,0,0,01/01/2018
CURITIBA,410690,2018,291874,2349,80.4799331218266,01/01/2018
CURIUVA,410700,2018,2144,1,4.66417910447761,01/01/2018
DIAMANTE DO NORTE,410710,2018,1049,0,0,01/01/2018
DIAMANTE DO SUL,410712,2018,437,0,0,01/01/2018
DIAMANTE D'OESTE,410715,2018,825,0,0,01/01/2018
DOIS VIZINHOS,410720,2018,5509,40,72.6084588854602,01/01/2018
DOURADINA,410725,2018,1275,4,31.3725490196078,01/01/2018
DOUTOR CAMARGO,410730,2018,1310,0,0,01/01/2018
ENEAS MARQUES,410740,2018,995,9,90.4522613065327,01/01/2018
ENGENHEIRO BELTRAO,410750,2018,2388,126,527.638190954774,01/01/2018
ESPERANCA NOVA,410752,2018,390,2,51.2820512820513,01/01/2018
ENTRE RIOS DO OESTE,410753,2018,755,0,0,01/01/2018
ESPIGAO ALTO DO IGUACU,410754,2018,775,0,0,01/01/2018
FAROL,410755,2018,539,30,556.586270871985,01/01/2018
FAXINAL,410760,2018,2802,0,0,01/01/2018
FAZENDA RIO GRANDE,410765,2018,8718,71,81.4406974076623,01/01/2018
FENIX,410770,2018,922,13,140.997830802603,01/01/2018
FERNANDES PINHEIRO,410773,2018,731,0,0,01/01/2018
FIGUEIRA,410775,2018,1454,3,20.6327372764787,01/01/2018
FLORAI,410780,2018,1128,0,0,01/01/2018
FLOR DA SERRA DO SUL,410785,2018,777,2,25.7400257400257,01/01/2018
FLORESTA,410790,2018,1090,0,0,01/01/2018
FLORESTOPOLIS,410800,2018,1581,3,18.9753320683112,01/01/2018
FLORIDA,410810,2018,463,0,0,01/01/2018
FORMOSA DO OESTE,410820,2018,1581,0,0,01/01/2018
FOZ DO IGUACU,410830,2018,32409,222,68.4994908821624,01/01/2018
FRANCISCO ALVES,410832,2018,1275,4,31.3725490196078,01/01/2018
FRANCISCO BELTRAO,410840,2018,12275,88,71.6904276985743,01/01/2018
FOZ DO JORDAO,410845,2018,652,6,92.0245398773006,01/01/2018
GENERAL CARNEIRO,410850,2018,1622,3,18.4956843403206,01/01/2018
GODOY MOREIRA,410855,2018,665,0,0,01/01/2018
GOIOERE,410860,2018,5135,150,292.112950340798,01/01/2018
GOIOXIM,410865,2018,935,0,0,01/01/2018
GRANDES RIOS,410870,2018,1022,0,0,01/01/2018
GUAIRA,410880,2018,4946,0,0,01/01/2018
GUAIRACA,410890,2018,1049,3,28.5986653956149,01/01/2018
GUAMIRANGA,410895,2018,1085,0,0,01/01/2018
GUAPIRAMA,410900,2018,614,1,16.2866449511401,01/01/2018
GUAPOREMA,410910,2018,406,10,246.305418719212,01/01/2018
GUARACI,410920,2018,936,0,0,01/01/2018
GUARANIACU,410930,2018,2301,1,4.34593654932638,01/01/2018
GUARAPUAVA,410940,2018,22552,204,90.4576090812345,01/01/2018
GUARAQUECABA,410950,2018,1098,0,0,01/01/2018
GUARATUBA,410960,2018,5851,21,35.8913006323705,01/01/2018
HONORIO SERPA,410965,2018,780,2,25.6410256410256,01/01/2018
IBAITI,410970,2018,4604,14,30.4083405734144,01/01/2018
IBEMA,410975,2018,944,0,0,01/01/2018
IBIPORA,410980,2018,8662,13,15.0080812745324,01/01/2018
ICARAIMA,410990,2018,1621,1,6.16903146206046,01/01/2018
IGUARACU,411000,2018,642,0,0,01/01/2018
IGUATU,411005,2018,410,0,0,01/01/2018
IMBAU,411007,2018,1550,1,6.45161290322581,01/01/2018
IMBITUVA,411010,2018,3650,2,5.47945205479452,01/01/2018
INACIO MARTINS,411020,2018,1234,0,0,01/01/2018
INAJA,411030,2018,517,0,0,01/01/2018
INDIANOPOLIS,411040,2018,869,32,368.239355581128,01/01/2018
IPIRANGA,411050,2018,1740,4,22.9885057471264,01/01/2018
IPORA,411060,2018,2865,11,38.3944153577661,01/01/2018
IRACEMA DO OESTE,411065,2018,434,0,0,01/01/2018
IRATI,411070,2018,8680,3,3.45622119815668,01/01/2018
IRETAMA,411080,2018,1810,35,193.370165745856,01/01/2018
ITAGUAJE,411090,2018,731,0,0,01/01/2018
ITAIPULANDIA,411095,2018,1712,53,309.579439252336,01/01/2018
ITAMBARACA,411100,2018,1291,0,0,01/01/2018
ITAMBE,411110,2018,1037,0,0,01/01/2018
ITAPEJARA D'OESTE,411120,2018,1992,23,115.461847389558,01/01/2018
ITAPERUCU,411125,2018,2337,7,29.9529311082585,01/01/2018
ITAUNA DO SUL,411130,2018,550,0,0,01/01/2018
IVAI,411140,2018,1714,0,0,01/01/2018
IVAIPORA,411150,2018,5974,0,0,01/01/2018
IVATE,411155,2018,1198,0,0,01/01/2018
IVATUBA,411160,2018,545,0,0,01/01/2018
JABOTI,411170,2018,902,2,22.1729490022173,01/01/2018
JACAREZINHO,411180,2018,6148,54,87.8334417696812,01/01/2018
JAGUAPITA,411190,2018,2129,3,14.0911225927666,01/01/2018
JAGUARIAIVA,411200,2018,3912,0,0,01/01/2018
JANDAIA DO SUL,411210,2018,4027,0,0,01/01/2018
JANIOPOLIS,411220,2018,1186,16,134.907251264755,01/01/2018
JAPIRA,411230,2018,883,5,56.6251415628539,01/01/2018
JAPURA,411240,2018,1806,80,442.96788482835,01/01/2018
JARDIM ALEGRE,411250,2018,2350,1,4.25531914893617,01/01/2018
JARDIM OLINDA,411260,2018,202,1,49.5049504950495,01/01/2018
JATAIZINHO,411270,2018,1858,3,16.1463939720129,01/01/2018
JESUITAS,411275,2018,1835,0,0,01/01/2018
JOAQUIM TAVORA,411280,2018,1846,13,70.4225352112676,01/01/2018
JUNDIAI DO SUL,411290,2018,625,2,32,01/01/2018
JURANDA,411295,2018,1263,22,174.188440221694,01/01/2018
JUSSARA,411300,2018,1117,62,555.058191584602,01/01/2018
KALORE,411310,2018,981,0,0,01/01/2018
LAPA,411320,2018,6785,67,98.7472365512159,01/01/2018
LARANJAL,411325,2018,654,1,15.2905198776758,01/01/2018
LARANJEIRAS DO SUL,411330,2018,4832,21,43.4602649006623,01/01/2018
LEOPOLIS,411340,2018,835,0,0,01/01/2018
LIDIANOPOLIS,411342,2018,813,0,0,01/01/2018
LINDOESTE,411345,2018,937,0,0,01/01/2018
LOANDA,411350,2018,3479,10,28.7438919229664,01/01/2018
LOBATO,411360,2018,733,0,0,01/01/2018
LONDRINA,411370,2018,94134,334,35.4813351180232,01/01/2018
LUIZIANA,411373,2018,1034,13,125.725338491296,01/01/2018
LUNARDELLI,411375,2018,977,0,0,01/01/2018
LUPIONOPOLIS,411380,2018,889,1,11.2485939257593,01/01/2018
MALLET,411390,2018,2117,0,0,01/01/2018
MAMBORE,411400,2018,2248,60,266.903914590747,01/01/2018
MANDAGUACU,411410,2018,3432,0,0,01/01/2018
MANDAGUARI,411420,2018,6266,0,0,01/01/2018
MANDIRITUBA,411430,2018,3439,7,20.3547542890375,01/01/2018
MANFRINOPOLIS,411435,2018,433,1,23.094688221709,01/01/2018
MANGUEIRINHA,411440,2018,2260,5,22.1238938053097,01/01/2018
MANOEL RIBAS,411450,2018,2023,5,24.7157686604053,01/01/2018
MARECHAL CANDIDO RONDON,411460,2018,8389,0,0,01/01/2018
MARIA HELENA,411470,2018,1022,1,9.78473581213307,01/01/2018
MARIALVA,411480,2018,6037,0,0,01/01/2018
MARILANDIA DO SUL,411490,2018,1442,0,0,01/01/2018
MARILENA,411500,2018,1280,0,0,01/01/2018
MARILUZ,411510,2018,1564,0,0,01/01/2018
MARINGA,411520,2018,66749,931,139.477744984944,01/01/2018
MARIOPOLIS,411530,2018,1117,7,62.667860340197,01/01/2018
MARIPA,411535,2018,1164,0,0,01/01/2018
MARMELEIRO,411540,2018,2400,45,187.5,01/01/2018
MARQUINHO,411545,2018,701,2,28.5306704707561,01/01/2018
MARUMBI,411550,2018,848,0,0,01/01/2018
MATELANDIA,411560,2018,2553,12,47.0035252643948,01/01/2018
MATINHOS,411570,2018,6136,6,9.77835723598436,01/01/2018
MATO RICO,411573,2018,563,2,35.5239786856128,01/01/2018
MAUA DA SERRA,411575,2018,1086,0,0,01/01/2018
MEDIANEIRA,411580,2018,6521,69,105.811992025763,01/01/2018
MERCEDES,411585,2018,962,0,0,01/01/2018
MIRADOR,411590,2018,348,7,201.149425287356,01/01/2018
MIRASELVA,411600,2018,435,1,22.9885057471264,01/01/2018
MISSAL,411605,2018,2144,4,18.6567164179105,01/01/2018
MOREIRA SALES,411610,2018,2425,25,103.092783505155,01/01/2018
MORRETES,411620,2018,2555,1,3.91389432485323,01/01/2018
MUNHOZ DE MELO,411630,2018,784,0,0,01/01/2018
NOSSA SENHORA DAS GRACAS,411640,2018,660,0,0,01/01/2018
NOVA ALIANCA DO IVAI,411650,2018,191,1,52.3560209424084,01/01/2018
NOVA AMERICA DA COLINA,411660,2018,561,0,0,01/01/2018
NOVA AURORA,411670,2018,2073,0,0,01/01/2018
NOVA CANTU,411680,2018,1009,39,386.521308225966,01/01/2018
NOVA ESPERANCA,411690,2018,4877,1,2.05044084478163,01/01/2018
NOVA ESPERANCA DO SUDOESTE,411695,2018,819,5,61.0500610500611,01/01/2018
NOVA FATIMA,411700,2018,1440,0,0,01/01/2018
NOVA LARANJEIRAS,411705,2018,1534,5,32.5945241199479,01/01/2018
NOVA LONDRINA,411710,2018,2090,2,9.56937799043062,01/01/2018
NOVA OLIMPIA,411720,2018,1074,1,9.31098696461825,01/01/2018
NOVA SANTA BARBARA,411721,2018,813,0,0,01/01/2018
NOVA SANTA ROSA,411722,2018,1546,0,0,01/01/2018
NOVA PRATA DO IGUACU,411725,2018,1735,5,28.8184438040346,01/01/2018
NOVA TEBAS,411727,2018,1140,0,0,01/01/2018
NOVO ITACOLOMI,411729,2018,574,0,0,01/01/2018
ORTIGUEIRA,411730,2018,3272,4,12.2249388753056,01/01/2018
OURIZONA,411740,2018,646,0,0,01/01/2018
OURO VERDE DO OESTE,411745,2018,954,0,0,01/01/2018
PAICANDU,411750,2018,5391,1,1.85494342422556,01/01/2018
PALMAS,411760,2018,4642,4,8.61697544161999,01/01/2018
PALMEIRA,411770,2018,4534,1,2.20555800617556,01/01/2018
PALMITAL,411780,2018,2055,14,68.1265206812652,01/01/2018
PALOTINA,411790,2018,5035,0,0,01/01/2018
PARAISO DO NORTE,411800,2018,1870,2,10.6951871657754,01/01/2018
PARANACITY,411810,2018,1462,0,0,01/01/2018
PARANAGUA,411820,2018,17285,64,37.0263234017935,01/01/2018
PARANAPOEMA,411830,2018,375,1,26.6666666666667,01/01/2018
PARANAVAI,411840,2018,14823,5,3.37313634217095,01/01/2018
PATO BRAGADO,411845,2018,893,0,0,01/01/2018
PATO BRANCO,411850,2018,11502,286,248.652408276821,01/01/2018
PAULA FREITAS,411860,2018,890,19,213.483146067416,01/01/2018
PAULO FRONTIN,411870,2018,1171,13,111.016225448335,01/01/2018
PEABIRU,411880,2018,2243,68,303.165403477486,01/01/2018
PEROBAL,411885,2018,1009,0,0,01/01/2018
PEROLA,411890,2018,2108,6,28.4629981024668,01/01/2018
PEROLA D'OESTE,411900,2018,1318,2,15.1745068285281,01/01/2018
PIEN,411910,2018,1441,8,55.5170020818876,01/01/2018
PINHAIS,411915,2018,14943,44,29.4452251890517,01/01/2018
PINHALAO,411920,2018,1108,3,27.0758122743682,01/01/2018
PINHAL DE SAO BENTO,411925,2018,426,1,23.4741784037559,01/01/2018
PINHAO,411930,2018,3632,12,33.0396475770925,01/01/2018
PIRAI DO SUL,411940,2018,3520,0,0,01/01/2018
PIRAQUARA,411950,2018,9696,21,21.6584158415842,01/01/2018
PITANGA,411960,2018,4455,51,114.478114478115,01/01/2018
PITANGUEIRAS,411965,2018,460,0,0,01/01/2018
PLANALTINA DO PARANA,411970,2018,712,3,42.1348314606742,01/01/2018
PLANALTO,411980,2018,2672,0,0,01/01/2018
PONTA GROSSA,411990,2018,44869,15,3.3430653680715,01/01/2018
PONTAL DO PARANA,411995,2018,4817,47,97.5711023458584,01/01/2018
PORECATU,412000,2018,2425,1,4.12371134020619,01/01/2018
PORTO AMAZONAS,412010,2018,682,0,0,01/01/2018
PORTO BARREIRO,412015,2018,537,11,204.841713221601,01/01/2018
PORTO RICO,412020,2018,384,3,78.125,01/01/2018
PORTO VITORIA,412030,2018,676,10,147.92899408284,01/01/2018
PRADO FERREIRA,412033,2018,594,0,0,01/01/2018
PRANCHITA,412035,2018,1048,2,19.0839694656489,01/01/2018
PRESIDENTE CASTELO BRANCO,412040,2018,715,0,0,01/01/2018
PRIMEIRO DE MAIO,412050,2018,2293,4,17.4443959877889,01/01/2018
PRUDENTOPOLIS,412060,2018,7472,26,34.796573875803,01/01/2018
QUARTO CENTENARIO,412065,2018,770,7,90.9090909090909,01/01/2018
QUATIGUA,412070,2018,1409,12,85.166784953868,01/01/2018
QUATRO BARRAS,412080,2018,2582,27,104.570100697134,01/01/2018
QUATRO PONTES,412085,2018,799,0,0,01/01/2018
QUEDAS DO IGUACU,412090,2018,4604,0,0,01/01/2018
QUERENCIA DO NORTE,412100,2018,1833,1,5.45553737043099,01/01/2018
QUINTA DO SOL,412110,2018,834,13,155.875299760192,01/01/2018
QUITANDINHA,412120,2018,2695,2,7.42115027829314,01/01/2018
RAMILANDIA,412125,2018,621,5,80.5152979066022,01/01/2018
RANCHO ALEGRE,412130,2018,835,0,0,01/01/2018
RANCHO ALEGRE D'OESTE,412135,2018,480,19,395.833333333333,01/01/2018
REALEZA,412140,2018,2944,5,16.9836956521739,01/01/2018
REBOUCAS,412150,2018,2142,0,0,01/01/2018
RENASCENCA,412160,2018,1042,12,115.163147792706,01/01/2018
RESERVA,412170,2018,3206,0,0,01/01/2018
RESERVA DO IGUACU,412175,2018,834,6,71.9424460431655,01/01/2018
RIBEIRAO CLARO,412180,2018,1936,8,41.3223140495868,01/01/2018
RIBEIRAO DO PINHAL,412190,2018,2487,0,0,01/01/2018
RIO AZUL,412200,2018,1951,0,0,01/01/2018
RIO BOM,412210,2018,714,0,0,01/01/2018
RIO BONITO DO IGUACU,412215,2018,1937,4,20.6504904491482,01/01/2018
RIO BRANCO DO IVAI,412217,2018,570,0,0,01/01/2018
RIO BRANCO DO SUL,412220,2018,3164,14,44.2477876106195,01/01/2018
RIO NEGRO,412230,2018,4680,5,10.6837606837607,01/01/2018
ROLANDIA,412240,2018,9876,8,8.10044552450385,01/01/2018
RONCADOR,412250,2018,1701,21,123.456790123457,01/01/2018
RONDON,412260,2018,1428,62,434.173669467787,01/01/2018
ROSARIO DO IVAI,412265,2018,906,0,0,01/01/2018
SABAUDIA,412270,2018,1105,0,0,01/01/2018
SALGADO FILHO,412280,2018,725,6,82.7586206896552,01/01/2018
SALTO DO ITARARE,412290,2018,1026,4,38.9863547758285,01/01/2018
SALTO DO LONTRA,412300,2018,2094,2,9.55109837631328,01/01/2018
SANTA AMELIA,412310,2018,689,0,0,01/01/2018
SANTA CECILIA DO PAVAO,412320,2018,644,0,0,01/01/2018
SANTA CRUZ DE MONTE CASTELO,412330,2018,1431,0,0,01/01/2018
SANTA FE,412340,2018,2005,0,0,01/01/2018
SANTA HELENA,412350,2018,4495,0,0,01/01/2018
SANTA INES,412360,2018,279,0,0,01/01/2018
SANTA ISABEL DO IVAI,412370,2018,1758,6,34.1296928327645,01/01/2018
SANTA IZABEL DO OESTE,412380,2018,2318,6,25.8843830888697,01/01/2018
SANTA LUCIA,412382,2018,752,0,0,01/01/2018
SANTA MARIA DO OESTE,412385,2018,1453,0,0,01/01/2018
SANTA MARIANA,412390,2018,2543,0,0,01/01/2018
SANTA MONICA,412395,2018,501,0,0,01/01/2018
SANTANA DO ITARARE,412400,2018,857,2,23.3372228704784,01/01/2018
SANTA TEREZA DO OESTE,412402,2018,1247,0,0,01/01/2018
SANTA TEREZINHA DE ITAIPU,412405,2018,3477,5,14.3802128271498,01/01/2018
SANTO ANTONIO DA PLATINA,412410,2018,7183,34,47.3339830154532,01/01/2018
SANTO ANTONIO DO CAIUA,412420,2018,487,1,20.5338809034908,01/01/2018
SANTO ANTONIO DO PARAISO,412430,2018,428,0,0,01/01/2018
SANTO ANTONIO DO SUDOESTE,412440,2018,3167,13,41.0483107041364,01/01/2018
SANTO INACIO,412450,2018,860,0,0,01/01/2018
SAO CARLOS DO IVAI,412460,2018,1022,1,9.78473581213307,01/01/2018
SAO JERONIMO DA SERRA,412470,2018,1754,0,0,01/01/2018
SAO JOAO,412480,2018,2038,2,9.8135426889107,01/01/2018
SAO JOAO DO CAIUA,412490,2018,955,3,31.413612565445,01/01/2018
SAO JOAO DO IVAI,412500,2018,2234,0,0,01/01/2018
SAO JOAO DO TRIUNFO,412510,2018,1713,1,5.83771161704612,01/01/2018
SAO JORGE D'OESTE,412520,2018,1624,0,0,01/01/2018
SAO JORGE DO IVAI,412530,2018,1168,0,0,01/01/2018
SAO JORGE DO PATROCINIO,412535,2018,1272,1,7.86163522012579,01/01/2018
SAO JOSE DA BOA VISTA,412540,2018,1133,2,17.6522506619594,01/01/2018
SAO JOSE DAS PALMEIRAS,412545,2018,602,0,0,01/01/2018
SAO JOSE DOS PINHAIS,412550,2018,31284,441,140.9666283084,01/01/2018
SAO MANOEL DO PARANA,412555,2018,436,17,389.908256880734,01/01/2018
SAO MATEUS DO SUL,412560,2018,5566,175,314.408911246856,01/01/2018
SAO MIGUEL DO IGUACU,412570,2018,4308,25,58.0315691736305,01/01/2018
SAO PEDRO DO IGUACU,412575,2018,1192,0,0,01/01/2018
SAO PEDRO DO IVAI,412580,2018,1667,0,0,01/01/2018
SAO PEDRO DO PARANA,412590,2018,439,7,159.453302961276,01/01/2018
SAO SEBASTIAO DA AMOREIRA,412600,2018,1499,0,0,01/01/2018
SAO TOME,412610,2018,856,41,478.971962616822,01/01/2018
SAPOPEMA,412620,2018,972,0,0,01/01/2018
SARANDI,412625,2018,11959,0,0,01/01/2018
SAUDADE DO IGUACU,412627,2018,832,6,72.1153846153846,01/01/2018
SENGES,412630,2018,2134,0,0,01/01/2018
SERRANOPOLIS DO IGUACU,412635,2018,1008,15,148.809523809524,01/01/2018
SERTANEJA,412640,2018,1194,0,0,01/01/2018
SERTANOPOLIS,412650,2018,2905,3,10.3270223752151,01/01/2018
SIQUEIRA CAMPOS,412660,2018,3203,6,18.7324383390571,01/01/2018
SULINA,412665,2018,658,2,30.3951367781155,01/01/2018
TAMARANA,412667,2018,1884,9,47.7707006369427,01/01/2018
TAMBOARA,412670,2018,863,3,34.7624565469293,01/01/2018
TAPEJARA,412680,2018,2125,40,188.235294117647,01/01/2018
TAPIRA,412690,2018,1099,3,27.2975432211101,01/01/2018
TEIXEIRA SOARES,412700,2018,1511,0,0,01/01/2018
TELEMACO BORBA,412710,2018,9533,0,0,01/01/2018
TERRA BOA,412720,2018,2769,131,473.094980137234,01/01/2018
TERRA RICA,412730,2018,2625,18,68.5714285714286,01/01/2018
TERRA ROXA,412740,2018,3046,0,0,01/01/2018
TIBAGI,412750,2018,2544,0,0,01/01/2018
TIJUCAS DO SUL,412760,2018,2270,4,17.6211453744493,01/01/2018
TOLEDO,412770,2018,18360,1,0.544662309368192,01/01/2018
TOMAZINA,412780,2018,1462,3,20.5198358413133,01/01/2018
TRES BARRAS DO PARANA,412785,2018,1825,0,0,01/01/2018
TUNAS DO PARANA,412788,2018,477,0,0,01/01/2018
TUNEIRAS DO OESTE,412790,2018,1327,18,135.644310474755,01/01/2018
TUPASSI,412795,2018,1691,0,0,01/01/2018
TURVO,412796,2018,1811,25,138.045278851463,01/01/2018
UBIRATA,412800,2018,3830,7,18.2767624020888,01/01/2018
UMUARAMA,412810,2018,17918,223,124.455854448041,01/01/2018
UNIAO DA VITORIA,412820,2018,8059,95,117.88063035116,01/01/2018
UNIFLOR,412830,2018,413,0,0,01/01/2018
URAI,412840,2018,2458,0,0,01/01/2018
WENCESLAU BRAZ,412850,2018,3247,15,46.1964890668309,01/01/2018
VENTANIA,412853,2018,1244,2,16.0771704180064,01/01/2018
VERA CRUZ DO OESTE,412855,2018,1630,1,6.13496932515337,01/01/2018
VERE,412860,2018,1417,0,0,01/01/2018
ALTO PARAISO,412862,2018,470,0,0,01/01/2018
DOUTOR ULYSSES,412863,2018,714,1,14.0056022408964,01/01/2018
VIRMOND,412865,2018,656,1,15.2439024390244,01/01/2018
VITORINO,412870,2018,1098,4,36.4298724954463,01/01/2018
XAMBRE,412880,2018,1186,0,0,01/01/2018
ABATIA,410010,2019,1421,0,0,01/01/2019
ADRIANOPOLIS,410020,2019,1082,0,0,01/01/2019
AGUDOS DO SUL,410030,2019,1354,4,29.5420974889217,01/01/2019
ALMIRANTE TAMANDARE,410040,2019,12116,51,42.0931000330142,01/01/2019
ALTAMIRA DO PARANA,410045,2019,366,12,327.868852459016,01/01/2019
ALTONIA,410050,2019,3989,38,95.2619704186513,01/01/2019
ALTO PARANA,410060,2019,2379,1,4.20344682639765,01/01/2019
ALTO PIQUIRI,410070,2019,1757,11,62.6067159931702,01/01/2019
ALVORADA DO SUL,410080,2019,2082,1,4.8030739673391,01/01/2019
AMAPORA,410090,2019,736,3,40.7608695652174,01/01/2019
AMPERE,410100,2019,2806,21,74.8396293656451,01/01/2019
ANAHY,410105,2019,579,0,0,01/01/2019
ANDIRA,410110,2019,3873,0,0,01/01/2019
ANGULO,410115,2019,478,0,0,01/01/2019
ANTONINA,410120,2019,3355,19,56.6318926974665,01/01/2019
ANTONIO OLINTO,410130,2019,1311,14,106.788710907704,01/01/2019
APUCARANA,410140,2019,22133,3,1.35544210003163,01/01/2019
ARAPONGAS,410150,2019,18599,18,9.67793967417603,01/01/2019
ARAPOTI,410160,2019,3576,1,2.79642058165548,01/01/2019
ARAPUA,410165,2019,705,0,0,01/01/2019
ARARUNA,410170,2019,2422,27,111.478117258464,01/01/2019
ARAUCARIA,410180,2019,15126,293,193.706201242893,01/01/2019
ARIRANHA DO IVAI,410185,2019,461,5,108.459869848156,01/01/2019
ASSAI,410190,2019,2999,2,6.66888962987663,01/01/2019
ASSIS CHATEAUBRIAND,410200,2019,6546,0,0,01/01/2019
ASTORGA,410210,2019,5014,0,0,01/01/2019
ATALAIA,410220,2019,822,0,0,01/01/2019
BALSA NOVA,410230,2019,1705,12,70.3812316715543,01/01/2019
BANDEIRANTES,410240,2019,5742,0,0,01/01/2019
BARBOSA FERRAZ,410250,2019,2410,28,116.182572614108,01/01/2019
BARRACAO,410260,2019,1690,1,5.91715976331361,01/01/2019
BARRA DO JACARE,410270,2019,623,2,32.1027287319422,01/01/2019
BELA VISTA DA CAROBA,410275,2019,745,5,67.1140939597316,01/01/2019
BELA VISTA DO PARAISO,410280,2019,3189,6,18.8146754468485,01/01/2019
BITURUNA,410290,2019,2025,44,217.283950617284,01/01/2019
BOA ESPERANCA,410300,2019,834,30,359.712230215827,01/01/2019
BOA ESPERANCA DO IGUACU,410302,2019,393,0,0,01/01/2019
BOA VENTURA DE SAO ROQUE,410304,2019,796,2,25.1256281407035,01/01/2019
BOA VISTA DA APARECIDA,410305,2019,1457,0,0,01/01/2019
BOCAIUVA DO SUL,410310,2019,1565,11,70.2875399361022,01/01/2019
BOM JESUS DO SUL,410315,2019,820,9,109.756097560976,01/01/2019
BOM SUCESSO,410320,2019,1080,0,0,01/01/2019
BOM SUCESSO DO SUL,410322,2019,636,10,157.232704402516,01/01/2019
BORRAZOPOLIS,410330,2019,1521,0,0,01/01/2019
BRAGANEY,410335,2019,942,0,0,01/01/2019
BRASILANDIA DO SUL,410337,2019,527,0,0,01/01/2019
CAFEARA,410340,2019,446,1,22.4215246636771,01/01/2019
CAFELANDIA,410345,2019,2148,0,0,01/01/2019
CAFEZAL DO SUL,410347,2019,843,10,118.623962040332,01/01/2019
CALIFORNIA,410350,2019,1502,0,0,01/01/2019
CAMBARA,410360,2019,4590,8,17.4291938997821,01/01/2019
CAMBE,410370,2019,17221,117,67.9403054410313,01/01/2019
CAMBIRA,410380,2019,1449,0,0,01/01/2019
CAMPINA DA LAGOA,410390,2019,2728,14,51.3196480938417,01/01/2019
CAMPINA DO SIMAO,410395,2019,523,9,172.08413001912,01/01/2019
CAMPINA GRANDE DO SUL,410400,2019,4795,6,12.5130344108446,01/01/2019
CAMPO BONITO,410405,2019,618,0,0,01/01/2019
CAMPO DO TENENTE,410410,2019,895,3,33.5195530726257,01/01/2019
CAMPO LARGO,410420,2019,16428,6,3.65230094959825,01/01/2019
CAMPO MAGRO,410425,2019,3292,7,21.2636695018226,01/01/2019
CAMPO MOURAO,410430,2019,14632,423,289.092400218699,01/01/2019
CANDIDO DE ABREU,410440,2019,2409,7,29.057700290577,01/01/2019
CANDOI,410442,2019,1972,12,60.8519269776876,01/01/2019
CANTAGALO,410445,2019,1833,26,141.843971631206,01/01/2019
CAPANEMA,410450,2019,3562,17,47.7259966311061,01/01/2019
CAPITAO LEONIDAS MARQUES,410460,2019,2685,0,0,01/01/2019
CARAMBEI,410465,2019,2207,1,4.53103760761214,01/01/2019
CARLOPOLIS,410470,2019,2496,2,8.01282051282051,01/01/2019
CASCAVEL,410480,2019,42955,5,1.16400884646723,01/01/2019
CASTRO,410490,2019,8610,12,13.9372822299652,01/01/2019
CATANDUVAS,410500,2019,1485,0,0,01/01/2019
CENTENARIO DO SUL,410510,2019,1940,4,20.6185567010309,01/01/2019
CERRO AZUL,410520,2019,2405,0,0,01/01/2019
CEU AZUL,410530,2019,1997,0,0,01/01/2019
CHOPINZINHO,410540,2019,3333,11,33.003300330033,01/01/2019
CIANORTE,410550,2019,11831,791,668.582537401741,01/01/2019
CIDADE GAUCHA,410560,2019,1718,19,110.593713620489,01/01/2019
CLEVELANDIA,410570,2019,2817,4,14.1995030173944,01/01/2019
COLOMBO,410580,2019,25842,257,99.4505069267085,01/01/2019
COLORADO,410590,2019,4516,0,0,01/01/2019
CONGONHINHAS,410600,2019,1519,0,0,01/01/2019
CONSELHEIRO MAIRINCK,410610,2019,676,1,14.792899408284,01/01/2019
CONTENDA,410620,2019,2470,27,109.311740890688,01/01/2019
CORBELIA,410630,2019,2824,0,0,01/01/2019
CORNELIO PROCOPIO,410640,2019,9587,2,2.08615833941796,01/01/2019
CORONEL DOMINGOS SOARES,410645,2019,777,1,12.8700128700129,01/01/2019
CORONEL VIVIDA,410650,2019,3915,0,0,01/01/2019
CORUMBATAI DO SUL,410655,2019,674,72,1068.24925816024,01/01/2019
CRUZEIRO DO IGUACU,410657,2019,718,1,13.9275766016713,01/01/2019
CRUZEIRO DO OESTE,410660,2019,3877,12,30.9517668300232,01/01/2019
CRUZEIRO DO SUL,410670,2019,783,1,12.7713920817369,01/01/2019
CRUZ MACHADO,410680,2019,2526,15,59.3824228028504,01/01/2019
CRUZMALTINA,410685,2019,553,0,0,01/01/2019
CURITIBA,410690,2019,305045,2834,92.9043255913062,01/01/2019
CURIUVA,410700,2019,2218,2,9.01713255184851,01/01/2019
DIAMANTE DO NORTE,410710,2019,1076,0,0,01/01/2019
DIAMANTE DO SUL,410712,2019,440,0,0,01/01/2019
DIAMANTE D'OESTE,410715,2019,846,0,0,01/01/2019
DOIS VIZINHOS,410720,2019,5769,56,97.0705494886462,01/01/2019
DOURADINA,410725,2019,1320,2,15.1515151515152,01/01/2019
DOUTOR CAMARGO,410730,2019,1352,0,0,01/01/2019
ENEAS MARQUES,410740,2019,1033,22,212.97192642788,01/01/2019
ENGENHEIRO BELTRAO,410750,2019,2462,71,288.38342810723,01/01/2019
ESPERANCA NOVA,410752,2019,389,0,0,01/01/2019
ENTRE RIOS DO OESTE,410753,2019,784,0,0,01/01/2019
ESPIGAO ALTO DO IGUACU,410754,2019,790,0,0,01/01/2019
FAROL,410755,2019,552,21,380.434782608696,01/01/2019
FAXINAL,410760,2019,2880,0,0,01/01/2019
FAZENDA RIO GRANDE,410765,2019,9275,63,67.9245283018868,01/01/2019
FENIX,410770,2019,948,4,42.1940928270042,01/01/2019
FERNANDES PINHEIRO,410773,2019,746,0,0,01/01/2019
FIGUEIRA,410775,2019,1485,2,13.4680134680135,01/01/2019
FLORAI,410780,2019,1150,0,0,01/01/2019
FLOR DA SERRA DO SUL,410785,2019,806,5,62.0347394540943,01/01/2019
FLORESTA,410790,2019,1142,0,0,01/01/2019
FLORESTOPOLIS,410800,2019,1631,4,24.5248313917842,01/01/2019
FLORIDA,410810,2019,480,0,0,01/01/2019
FORMOSA DO OESTE,410820,2019,1611,0,0,01/01/2019
FOZ DO IGUACU,410830,2019,34170,492,143.985952589991,01/01/2019
FRANCISCO ALVES,410832,2019,1295,24,185.328185328185,01/01/2019
FRANCISCO BELTRAO,410840,2019,12847,109,84.8447108274305,01/01/2019
FOZ DO JORDAO,410845,2019,665,7,105.263157894737,01/01/2019
GENERAL CARNEIRO,410850,2019,1679,6,35.7355568790947,01/01/2019
GODOY MOREIRA,410855,2019,683,0,0,01/01/2019
GOIOERE,410860,2019,5300,147,277.358490566038,01/01/2019
GOIOXIM,410865,2019,969,14,144.478844169247,01/01/2019
GRANDES RIOS,410870,2019,1036,0,0,01/01/2019
GUAIRA,410880,2019,5110,0,0,01/01/2019
GUAIRACA,410890,2019,1086,2,18.4162062615101,01/01/2019
GUAMIRANGA,410895,2019,1123,0,0,01/01/2019
GUAPIRAMA,410900,2019,629,1,15.8982511923688,01/01/2019
GUAPOREMA,410910,2019,419,13,310.262529832936,01/01/2019
GUARACI,410920,2019,964,2,20.746887966805,01/01/2019
GUARANIACU,410930,2019,2333,0,0,01/01/2019
GUARAPUAVA,410940,2019,23494,221,94.0665701881331,01/01/2019
GUARAQUECABA,410950,2019,1128,0,0,01/01/2019
GUARATUBA,410960,2019,6140,41,66.7752442996743,01/01/2019
HONORIO SERPA,410965,2019,802,2,24.9376558603491,01/01/2019
IBAITI,410970,2019,4737,16,33.7766518893815,01/01/2019
IBEMA,410975,2019,980,0,0,01/01/2019
IBIPORA,410980,2019,9057,17,18.770012145302,01/01/2019
ICARAIMA,410990,2019,1653,10,60.4960677555959,01/01/2019
IGUARACU,411000,2019,659,0,0,01/01/2019
IGUATU,411005,2019,423,0,0,01/01/2019
IMBAU,411007,2019,1600,2,12.5,01/01/2019
IMBITUVA,411010,2019,3799,0,0,01/01/2019
INACIO MARTINS,411020,2019,1271,0,0,01/01/2019
INAJA,411030,2019,532,1,18.796992481203,01/01/2019
INDIANOPOLIS,411040,2019,889,32,359.955005624297,01/01/2019
IPIRANGA,411050,2019,1793,0,0,01/01/2019
IPORA,411060,2019,2930,47,160.409556313993,01/01/2019
IRACEMA DO OESTE,411065,2019,441,0,0,01/01/2019
IRATI,411070,2019,8966,2,2.2306491188936,01/01/2019
IRETAMA,411080,2019,1849,19,102.75824770146,01/01/2019
ITAGUAJE,411090,2019,752,0,0,01/01/2019
ITAIPULANDIA,411095,2019,1817,53,291.689598238855,01/01/2019
ITAMBARACA,411100,2019,1332,0,0,01/01/2019
ITAMBE,411110,2019,1068,0,0,01/01/2019
ITAPEJARA D'OESTE,411120,2019,2067,10,48.3792936623125,01/01/2019
ITAPERUCU,411125,2019,2437,7,28.7238407878539,01/01/2019
ITAUNA DO SUL,411130,2019,547,0,0,01/01/2019
IVAI,411140,2019,1767,0,0,01/01/2019
IVAIPORA,411150,2019,6145,4,6.5093572009764,01/01/2019
IVATE,411155,2019,1236,10,80.9061488673139,01/01/2019
IVATUBA,411160,2019,561,0,0,01/01/2019
JABOTI,411170,2019,941,2,21.2539851222104,01/01/2019
JACAREZINHO,411180,2019,6332,58,91.5982312065698,01/01/2019
JAGUAPITA,411190,2019,2215,7,31.6027088036117,01/01/2019
JAGUARIAIVA,411200,2019,4051,4,9.87410515921995,01/01/2019
JANDAIA DO SUL,411210,2019,4157,0,0,01/01/2019
JANIOPOLIS,411220,2019,1199,16,133.444537114262,01/01/2019
JAPIRA,411230,2019,912,2,21.9298245614035,01/01/2019
JAPURA,411240,2019,1878,64,340.788072417465,01/01/2019
JARDIM ALEGRE,411250,2019,2404,20,83.1946755407654,01/01/2019
JARDIM OLINDA,411260,2019,210,0,0,01/01/2019
JATAIZINHO,411270,2019,1923,2,10.4004160166407,01/01/2019
JESUITAS,411275,2019,1865,1,5.36193029490617,01/01/2019
JOAQUIM TAVORA,411280,2019,1888,6,31.7796610169492,01/01/2019
JUNDIAI DO SUL,411290,2019,643,2,31.104199066874,01/01/2019
JURANDA,411295,2019,1313,29,220.868240670221,01/01/2019
JUSSARA,411300,2019,1160,62,534.48275862069,01/01/2019
KALORE,411310,2019,996,0,0,01/01/2019
LAPA,411320,2019,7040,67,95.1704545454546,01/01/2019
LARANJAL,411325,2019,665,0,0,01/01/2019
LARANJEIRAS DO SUL,411330,2019,5020,48,95.6175298804781,01/01/2019
LEOPOLIS,411340,2019,861,0,0,01/01/2019
LIDIANOPOLIS,411342,2019,826,0,0,01/01/2019
LINDOESTE,411345,2019,955,2,20.9424083769634,01/01/2019
LOANDA,411350,2019,3603,22,61.060227588121,01/01/2019
LOBATO,411360,2019,768,0,0,01/01/2019
LONDRINA,411370,2019,98236,682,69.4246508408323,01/01/2019
LUIZIANA,411373,2019,1063,6,56.4440263405456,01/01/2019
LUNARDELLI,411375,2019,1006,10,99.4035785288271,01/01/2019
LUPIONOPOLIS,411380,2019,911,1,10.9769484083425,01/01/2019
MALLET,411390,2019,2186,0,0,01/01/2019
MAMBORE,411400,2019,2317,22,94.9503668536901,01/01/2019
MANDAGUACU,411410,2019,3591,1,2.78473962684489,01/01/2019
MANDAGUARI,411420,2019,6525,0,0,01/01/2019
MANDIRITUBA,411430,2019,3598,19,52.8071150639244,01/01/2019
MANFRINOPOLIS,411435,2019,432,8,185.185185185185,01/01/2019
MANGUEIRINHA,411440,2019,2336,5,21.4041095890411,01/01/2019
MANOEL RIBAS,411450,2019,2091,0,0,01/01/2019
MARECHAL CANDIDO RONDON,411460,2019,8722,0,0,01/01/2019
MARIA HELENA,411470,2019,1042,6,57.5815738963532,01/01/2019
MARIALVA,411480,2019,6293,1,1.5890672175433,01/01/2019
MARILANDIA DO SUL,411490,2019,1489,0,0,01/01/2019
MARILENA,411500,2019,1324,1,7.55287009063444,01/01/2019
MARILUZ,411510,2019,1592,1,6.28140703517588,01/01/2019
MARINGA,411520,2019,70060,927,132.315158435627,01/01/2019
MARIOPOLIS,411530,2019,1160,0,0,01/01/2019
MARIPA,411535,2019,1199,0,0,01/01/2019
MARMELEIRO,411540,2019,2484,29,116.747181964573,01/01/2019
MARQUINHO,411545,2019,719,6,83.4492350486787,01/01/2019
MARUMBI,411550,2019,881,0,0,01/01/2019
MATELANDIA,411560,2019,2650,18,67.9245283018868,01/01/2019
MATINHOS,411570,2019,6507,5,7.68403258029814,01/01/2019
MATO RICO,411573,2019,578,3,51.9031141868512,01/01/2019
MAUA DA SERRA,411575,2019,1136,0,0,01/01/2019
MEDIANEIRA,411580,2019,6830,98,143.484626647145,01/01/2019
MERCEDES,411585,2019,996,0,0,01/01/2019
MIRADOR,411590,2019,351,0,0,01/01/2019
MIRASELVA,411600,2019,448,1,22.3214285714286,01/01/2019
MISSAL,411605,2019,2214,20,90.3342366757001,01/01/2019
MOREIRA SALES,411610,2019,2493,14,56.1572402727637,01/01/2019
MORRETES,411620,2019,2622,2,7.627765064836,01/01/2019
MUNHOZ DE MELO,411630,2019,805,1,12.4223602484472,01/01/2019
NOSSA SENHORA DAS GRACAS,411640,2019,682,0,0,01/01/2019
NOVA ALIANCA DO IVAI,411650,2019,199,2,100.502512562814,01/01/2019
NOVA AMERICA DA COLINA,411660,2019,577,0,0,01/01/2019
NOVA AURORA,411670,2019,2114,0,0,01/01/2019
NOVA CANTU,411680,2019,1013,35,345.508390918065,01/01/2019
NOVA ESPERANCA,411690,2019,5054,0,0,01/01/2019
NOVA ESPERANCA DO SUDOESTE,411695,2019,845,2,23.6686390532544,01/01/2019
NOVA FATIMA,411700,2019,1483,0,0,01/01/2019
NOVA LARANJEIRAS,411705,2019,1567,7,44.6713465220166,01/01/2019
NOVA LONDRINA,411710,2019,2154,6,27.8551532033426,01/01/2019
NOVA OLIMPIA,411720,2019,1100,2,18.1818181818182,01/01/2019
NOVA SANTA BARBARA,411721,2019,837,0,0,01/01/2019
NOVA SANTA ROSA,411722,2019,1598,0,0,01/01/2019
NOVA PRATA DO IGUACU,411725,2019,1789,8,44.7177193963108,01/01/2019
NOVA TEBAS,411727,2019,1141,0,0,01/01/2019
NOVO ITACOLOMI,411729,2019,596,0,0,01/01/2019
ORTIGUEIRA,411730,2019,3321,2,6.02228244504667,01/01/2019
OURIZONA,411740,2019,661,0,0,01/01/2019
OURO VERDE DO OESTE,411745,2019,985,0,0,01/01/2019
PAICANDU,411750,2019,5632,0,0,01/01/2019
PALMAS,411760,2019,4829,0,0,01/01/2019
PALMEIRA,411770,2019,4700,1,2.12765957446809,01/01/2019
PALMITAL,411780,2019,2097,7,33.381020505484,01/01/2019
PALOTINA,411790,2019,5233,1,1.91094974202178,01/01/2019
PARAISO DO NORTE,411800,2019,1935,4,20.671834625323,01/01/2019
PARANACITY,411810,2019,1515,0,0,01/01/2019
PARANAGUA,411820,2019,17951,34,18.9404490000557,01/01/2019
PARANAPOEMA,411830,2019,392,1,25.5102040816327,01/01/2019
PARANAVAI,411840,2019,15401,6,3.89585091877151,01/01/2019
PATO BRAGADO,411845,2019,921,2,21.7155266015201,01/01/2019
PATO BRANCO,411850,2019,12112,134,110.634081902246,01/01/2019
PAULA FREITAS,411860,2019,917,19,207.197382769902,01/01/2019
PAULO FRONTIN,411870,2019,1207,12,99.4200497100249,01/01/2019
PEABIRU,411880,2019,2324,52,223.752151462995,01/01/2019
PEROBAL,411885,2019,1043,4,38.3509108341323,01/01/2019
PEROLA,411890,2019,2175,5,22.9885057471264,01/01/2019
PEROLA D'OESTE,411900,2019,1363,6,44.0205429200294,01/01/2019
PIEN,411910,2019,1500,10,66.6666666666667,01/01/2019
PINHAIS,411915,2019,15679,28,17.8582817781746,01/01/2019
PINHALAO,411920,2019,1151,3,26.0642919200695,01/01/2019
PINHAL DE SAO BENTO,411925,2019,447,0,0,01/01/2019
PINHAO,411930,2019,3775,13,34.4370860927152,01/01/2019
PIRAI DO SUL,411940,2019,3625,0,0,01/01/2019
PIRAQUARA,411950,2019,10231,33,32.2549115433487,01/01/2019
PITANGA,411960,2019,4558,42,92.1456779289162,01/01/2019
PITANGUEIRAS,411965,2019,477,1,20.9643605870021,01/01/2019
PLANALTINA DO PARANA,411970,2019,732,5,68.3060109289617,01/01/2019
PLANALTO,411980,2019,2743,0,0,01/01/2019
PONTA GROSSA,411990,2019,46624,7,1.50137268359643,01/01/2019
PONTAL DO PARANA,411995,2019,5112,38,74.3348982785603,01/01/2019
PORECATU,412000,2019,2472,2,8.09061488673139,01/01/2019
PORTO AMAZONAS,412010,2019,708,0,0,01/01/2019
PORTO BARREIRO,412015,2019,557,8,143.626570915619,01/01/2019
PORTO RICO,412020,2019,397,4,100.755667506297,01/01/2019
PORTO VITORIA,412030,2019,701,19,271.041369472183,01/01/2019
PRADO FERREIRA,412033,2019,609,0,0,01/01/2019
PRANCHITA,412035,2019,1072,9,83.955223880597,01/01/2019
PRESIDENTE CASTELO BRANCO,412040,2019,742,0,0,01/01/2019
PRIMEIRO DE MAIO,412050,2019,2374,4,16.849199663016,01/01/2019
PRUDENTOPOLIS,412060,2019,7695,51,66.2768031189084,01/01/2019
QUARTO CENTENARIO,412065,2019,792,27,340.909090909091,01/01/2019
QUATIGUA,412070,2019,1469,4,27.2294077603812,01/01/2019
QUATRO BARRAS,412080,2019,2724,52,190.895741556534,01/01/2019
QUATRO PONTES,412085,2019,830,0,0,01/01/2019
QUEDAS DO IGUACU,412090,2019,4812,0,0,01/01/2019
QUERENCIA DO NORTE,412100,2019,1901,0,0,01/01/2019
QUINTA DO SOL,412110,2019,847,15,177.095631641086,01/01/2019
QUITANDINHA,412120,2019,2787,5,17.940437746681,01/01/2019
RAMILANDIA,412125,2019,640,3,46.875,01/01/2019
RANCHO ALEGRE,412130,2019,849,0,0,01/01/2019
RANCHO ALEGRE D'OESTE,412135,2019,493,19,385.395537525355,01/01/2019
REALEZA,412140,2019,3043,10,32.8623069339468,01/01/2019
REBOUCAS,412150,2019,2205,0,0,01/01/2019
RENASCENCA,412160,2019,1077,24,222.841225626741,01/01/2019
RESERVA,412170,2019,3275,0,0,01/01/2019
RESERVA DO IGUACU,412175,2019,879,7,79.6359499431172,01/01/2019
RIBEIRAO CLARO,412180,2019,1986,7,35.2467270896274,01/01/2019
RIBEIRAO DO PINHAL,412190,2019,2545,2,7.85854616895874,01/01/2019
RIO AZUL,412200,2019,2007,0,0,01/01/2019
RIO BOM,412210,2019,734,0,0,01/01/2019
RIO BONITO DO IGUACU,412215,2019,2031,8,39.3894633185623,01/01/2019
RIO BRANCO DO IVAI,412217,2019,590,0,0,01/01/2019
RIO BRANCO DO SUL,412220,2019,3250,28,86.1538461538462,01/01/2019
RIO NEGRO,412230,2019,4858,13,26.7599835323178,01/01/2019
ROLANDIA,412240,2019,10283,13,12.6422250316056,01/01/2019
RONCADOR,412250,2019,1719,14,81.4426992437464,01/01/2019
RONDON,412260,2019,1473,51,346.232179226069,01/01/2019
ROSARIO DO IVAI,412265,2019,909,0,0,01/01/2019
SABAUDIA,412270,2019,1143,0,0,01/01/2019
SALGADO FILHO,412280,2019,740,9,121.621621621622,01/01/2019
SALTO DO ITARARE,412290,2019,1048,2,19.0839694656489,01/01/2019
SALTO DO LONTRA,412300,2019,2162,0,0,01/01/2019
SANTA AMELIA,412310,2019,705,0,0,01/01/2019
SANTA CECILIA DO PAVAO,412320,2019,655,1,15.2671755725191,01/01/2019
SANTA CRUZ DE MONTE CASTELO,412330,2019,1472,1,6.79347826086957,01/01/2019
SANTA FE,412340,2019,2086,0,0,01/01/2019
SANTA HELENA,412350,2019,4682,0,0,01/01/2019
SANTA INES,412360,2019,285,0,0,01/01/2019
SANTA ISABEL DO IVAI,412370,2019,1798,15,83.4260289210234,01/01/2019
SANTA IZABEL DO OESTE,412380,2019,2412,11,45.6053067993367,01/01/2019
SANTA LUCIA,412382,2019,762,1,13.1233595800525,01/01/2019
SANTA MARIA DO OESTE,412385,2019,1471,0,0,01/01/2019
SANTA MARIANA,412390,2019,2598,0,0,01/01/2019
SANTA MONICA,412395,2019,513,7,136.4522417154,01/01/2019
SANTANA DO ITARARE,412400,2019,873,1,11.454753722795,01/01/2019
SANTA TEREZA DO OESTE,412402,2019,1281,0,0,01/01/2019
SANTA TEREZINHA DE ITAIPU,412405,2019,3682,1,2.71591526344378,01/01/2019
SANTO ANTONIO DA PLATINA,412410,2019,7416,19,25.6202804746494,01/01/2019
SANTO ANTONIO DO CAIUA,412420,2019,500,3,60,01/01/2019
SANTO ANTONIO DO PARAISO,412430,2019,441,0,0,01/01/2019
SANTO ANTONIO DO SUDOESTE,412440,2019,3286,10,30.4321363359708,01/01/2019
SANTO INACIO,412450,2019,885,0,0,01/01/2019
SAO CARLOS DO IVAI,412460,2019,1059,1,9.44287063267233,01/01/2019
SAO JERONIMO DA SERRA,412470,2019,1791,1,5.58347292015634,01/01/2019
SAO JOAO,412480,2019,2101,1,4.75963826749167,01/01/2019
SAO JOAO DO CAIUA,412490,2019,980,3,30.6122448979592,01/01/2019
SAO JOAO DO IVAI,412500,2019,2274,0,0,01/01/2019
SAO JOAO DO TRIUNFO,412510,2019,1774,0,0,01/01/2019
SAO JORGE D'OESTE,412520,2019,1675,0,0,01/01/2019
SAO JORGE DO IVAI,412530,2019,1203,0,0,01/01/2019
SAO JORGE DO PATROCINIO,412535,2019,1304,7,53.680981595092,01/01/2019
SAO JOSE DA BOA VISTA,412540,2019,1152,2,17.3611111111111,01/01/2019
SAO JOSE DAS PALMEIRAS,412545,2019,607,0,0,01/01/2019
SAO JOSE DOS PINHAIS,412550,2019,32937,554,168.199896772627,01/01/2019
SAO MANOEL DO PARANA,412555,2019,451,16,354.767184035477,01/01/2019
SAO MATEUS DO SUL,412560,2019,5780,74,128.0276816609,01/01/2019
SAO MIGUEL DO IGUACU,412570,2019,4504,50,111.01243339254,01/01/2019
SAO PEDRO DO IGUACU,412575,2019,1220,1,8.19672131147541,01/01/2019
SAO PEDRO DO IVAI,412580,2019,1728,0,0,01/01/2019
SAO PEDRO DO PARANA,412590,2019,447,10,223.713646532439,01/01/2019
SAO SEBASTIAO DA AMOREIRA,412600,2019,1553,0,0,01/01/2019
SAO TOME,412610,2019,888,41,461.711711711712,01/01/2019
SAPOPEMA,412620,2019,988,0,0,01/01/2019
SARANDI,412625,2019,12506,1,0.799616184231569,01/01/2019
SAUDADE DO IGUACU,412627,2019,868,9,103.6866359447,01/01/2019
SENGES,412630,2019,2203,0,0,01/01/2019
SERRANOPOLIS DO IGUACU,412635,2019,1038,19,183.044315992293,01/01/2019
SERTANEJA,412640,2019,1224,0,0,01/01/2019
SERTANOPOLIS,412650,2019,3008,5,16.6223404255319,01/01/2019
SIQUEIRA CAMPOS,412660,2019,3323,4,12.0373156786037,01/01/2019
SULINA,412665,2019,667,2,29.9850074962519,01/01/2019
TAMARANA,412667,2019,1965,6,30.5343511450382,01/01/2019
TAMBOARA,412670,2019,894,1,11.1856823266219,01/01/2019
TAPEJARA,412680,2019,2206,19,86.128739800544,01/01/2019
TAPIRA,412690,2019,1119,7,62.555853440572,01/01/2019
TEIXEIRA SOARES,412700,2019,1586,0,0,01/01/2019
TELEMACO BORBA,412710,2019,9884,9,9.10562525293403,01/01/2019
TERRA BOA,412720,2019,2860,120,419.58041958042,01/01/2019
TERRA RICA,412730,2019,2706,13,48.0413895048041,01/01/2019
TERRA ROXA,412740,2019,3140,0,0,01/01/2019
TIBAGI,412750,2019,2627,11,41.8728587742672,01/01/2019
TIJUCAS DO SUL,412760,2019,2351,20,85.0701829008933,01/01/2019
TOLEDO,412770,2019,19320,5,2.5879917184265,01/01/2019
TOMAZINA,412780,2019,1488,3,20.1612903225806,01/01/2019
TRES BARRAS DO PARANA,412785,2019,1874,0,0,01/01/2019
TUNAS DO PARANA,412788,2019,483,1,20.703933747412,01/01/2019
TUNEIRAS DO OESTE,412790,2019,1354,19,140.324963072378,01/01/2019
TUPASSI,412795,2019,1745,0,0,01/01/2019
TURVO,412796,2019,1855,12,64.6900269541779,01/01/2019
UBIRATA,412800,2019,3950,19,48.1012658227848,01/01/2019
UMUARAMA,412810,2019,18687,209,111.842457323273,01/01/2019
UNIAO DA VITORIA,412820,2019,8352,100,119.731800766284,01/01/2019
UNIFLOR,412830,2019,417,0,0,01/01/2019
URAI,412840,2019,2528,1,3.95569620253165,01/01/2019
WENCESLAU BRAZ,412850,2019,3341,5,14.9655791679138,01/01/2019
VENTANIA,412853,2019,1284,0,0,01/01/2019
VERA CRUZ DO OESTE,412855,2019,1669,2,11.983223487118,01/01/2019
VERE,412860,2019,1451,4,27.5671950379049,01/01/2019
ALTO PARAISO,412862,2019,481,0,0,01/01/2019
DOUTOR ULYSSES,412863,2019,728,1,13.7362637362637,01/01/2019
VIRMOND,412865,2019,673,3,44.5765230312036,01/01/2019
VITORINO,412870,2019,1130,2,17.6991150442478,01/01/2019
XAMBRE,412880,2019,1199,16,133.444537114262,01/01/2019
ABATIA,410010,2020,1463,0,0,01/01/2020
ADRIANOPOLIS,410020,2020,1101,0,0,01/01/2020
AGUDOS DO SUL,410030,2020,1409,0,0,01/01/2020
ALMIRANTE TAMANDARE,410040,2020,12744,9,7.06214689265537,01/01/2020
ALTAMIRA DO PARANA,410045,2020,334,2,59.8802395209581,01/01/2020
ALTONIA,410050,2020,4090,13,31.7848410757946,01/01/2020
ALTO PARANA,410060,2020,2472,0,0,01/01/2020
ALTO PIQUIRI,410070,2020,1802,2,11.0987791342952,01/01/2020
ALVORADA DO SUL,410080,2020,2164,3,13.8632162661738,01/01/2020
AMAPORA,410090,2020,767,1,13.0378096479791,01/01/2020
AMPERE,410100,2020,2918,12,41.1240575736806,01/01/2020
ANAHY,410105,2020,596,0,0,01/01/2020
ANDIRA,410110,2020,3965,1,2.52206809583859,01/01/2020
ANGULO,410115,2020,494,0,0,01/01/2020
ANTONINA,410120,2020,3443,1,2.90444379901249,01/01/2020
ANTONIO OLINTO,410130,2020,1342,0,0,01/01/2020
APUCARANA,410140,2020,23037,13,5.64309588922169,01/01/2020
ARAPONGAS,410150,2020,19404,0,0,01/01/2020
ARAPOTI,410160,2020,3728,0,0,01/01/2020
ARAPUA,410165,2020,718,0,0,01/01/2020
ARARUNA,410170,2020,2509,35,139.49780789159,01/01/2020
ARAUCARIA,410180,2020,15954,2,1.25360411182149,01/01/2020
ARIRANHA DO IVAI,410185,2020,467,0,0,01/01/2020
ASSAI,410190,2020,3054,4,13.0975769482646,01/01/2020
ASSIS CHATEAUBRIAND,410200,2020,6733,1,1.48522204069508,01/01/2020
ASTORGA,410210,2020,5196,1,1.92455735180908,01/01/2020
ATALAIA,410220,2020,847,0,0,01/01/2020
BALSA NOVA,410230,2020,1785,1,5.60224089635854,01/01/2020
BANDEIRANTES,410240,2020,5920,1,1.68918918918919,01/01/2020
BARBOSA FERRAZ,410250,2020,2449,17,69.416088199265,01/01/2020
BARRACAO,410260,2020,1762,0,0,01/01/2020
BARRA DO JACARE,410270,2020,644,0,0,01/01/2020
BELA VISTA DA CAROBA,410275,2020,768,0,0,01/01/2020
BELA VISTA DO PARAISO,410280,2020,3295,2,6.06980273141123,01/01/2020
BITURUNA,410290,2020,2089,11,52.6567735758736,01/01/2020
BOA ESPERANCA,410300,2020,857,20,233.372228704784,01/01/2020
BOA ESPERANCA DO IGUACU,410302,2020,404,0,0,01/01/2020
BOA VENTURA DE SAO ROQUE,410304,2020,819,8,97.6800976800977,01/01/2020
BOA VISTA DA APARECIDA,410305,2020,1489,1,6.71591672263264,01/01/2020
BOCAIUVA DO SUL,410310,2020,1616,0,0,01/01/2020
BOM JESUS DO SUL,410315,2020,844,2,23.696682464455,01/01/2020
BOM SUCESSO,410320,2020,1108,0,0,01/01/2020
BOM SUCESSO DO SUL,410322,2020,654,6,91.743119266055,01/01/2020
BORRAZOPOLIS,410330,2020,1538,0,0,01/01/2020
BRAGANEY,410335,2020,967,0,0,01/01/2020
BRASILANDIA DO SUL,410337,2020,528,2,37.8787878787879,01/01/2020
CAFEARA,410340,2020,458,0,0,01/01/2020
CAFELANDIA,410345,2020,2270,0,0,01/01/2020
CAFEZAL DO SUL,410347,2020,857,4,46.6744457409568,01/01/2020
CALIFORNIA,410350,2020,1552,0,0,01/01/2020
CAMBARA,410360,2020,4741,8,16.8740771989032,01/01/2020
CAMBE,410370,2020,17971,91,50.6371376105949,01/01/2020
CAMBIRA,410380,2020,1509,1,6.62690523525514,01/01/2020
CAMPINA DA LAGOA,410390,2020,2798,33,117.941386704789,01/01/2020
CAMPINA DO SIMAO,410395,2020,540,3,55.5555555555556,01/01/2020
CAMPINA GRANDE DO SUL,410400,2020,5042,2,3.96667988893296,01/01/2020
CAMPO BONITO,410405,2020,624,0,0,01/01/2020
CAMPO DO TENENTE,410410,2020,929,0,0,01/01/2020
CAMPO LARGO,410420,2020,17183,2,1.16394110458011,01/01/2020
CAMPO MAGRO,410425,2020,3462,2,5.77700751010976,01/01/2020
CAMPO MOURAO,410430,2020,15269,476,311.742746741764,01/01/2020
CANDIDO DE ABREU,410440,2020,2456,0,0,01/01/2020
CANDOI,410442,2020,2062,9,43.64694471387,01/01/2020
CANTAGALO,410445,2020,1899,7,36.8615060558189,01/01/2020
CAPANEMA,410450,2020,3677,3,8.1588251291814,01/01/2020
CAPITAO LEONIDAS MARQUES,410460,2020,2779,0,0,01/01/2020
CARAMBEI,410465,2020,2321,0,0,01/01/2020
CARLOPOLIS,410470,2020,2577,0,0,01/01/2020
CASCAVEL,410480,2020,45167,16,3.54240928111232,01/01/2020
CASTRO,410490,2020,8885,0,0,01/01/2020
CATANDUVAS,410500,2020,1526,0,0,01/01/2020
CENTENARIO DO SUL,410510,2020,1987,3,15.0981378963261,01/01/2020
CERRO AZUL,410520,2020,2468,1,4.05186385737439,01/01/2020
CEU AZUL,410530,2020,2059,1,4.85672656629432,01/01/2020
CHOPINZINHO,410540,2020,3446,2,5.80383052814858,01/01/2020
CIANORTE,410550,2020,12301,649,527.599382164052,01/01/2020
CIDADE GAUCHA,410560,2020,1782,7,39.2817059483726,01/01/2020
CLEVELANDIA,410570,2020,2907,1,3.43997248022016,01/01/2020
COLOMBO,410580,2020,27181,16,5.88646480997756,01/01/2020
COLORADO,410590,2020,4721,0,0,01/01/2020
CONGONHINHAS,410600,2020,1563,0,0,01/01/2020
CONSELHEIRO MAIRINCK,410610,2020,694,0,0,01/01/2020
CONTENDA,410620,2020,2564,2,7.8003120124805,01/01/2020
CORBELIA,410630,2020,2935,0,0,01/01/2020
CORNELIO PROCOPIO,410640,2020,9931,3,3.02084382237438,01/01/2020
CORONEL DOMINGOS SOARES,410645,2020,803,0,0,01/01/2020
CORONEL VIVIDA,410650,2020,4035,0,0,01/01/2020
CORUMBATAI DO SUL,410655,2020,678,32,471.976401179941,01/01/2020
CRUZEIRO DO IGUACU,410657,2020,740,0,0,01/01/2020
CRUZEIRO DO OESTE,410660,2020,3998,26,65.0325162581291,01/01/2020
CRUZEIRO DO SUL,410670,2020,807,0,0,01/01/2020
CRUZ MACHADO,410680,2020,2606,7,26.8610897927859,01/01/2020
CRUZMALTINA,410685,2020,565,0,0,01/01/2020
CURITIBA,410690,2020,318660,534,16.7576727546601,01/01/2020
CURIUVA,410700,2020,2296,0,0,01/01/2020
DIAMANTE DO NORTE,410710,2020,1103,4,36.2647325475975,01/01/2020
DIAMANTE DO SUL,410712,2020,441,0,0,01/01/2020
DIAMANTE D'OESTE,410715,2020,865,0,0,01/01/2020
DOIS VIZINHOS,410720,2020,6038,15,24.8426631334879,01/01/2020
DOURADINA,410725,2020,1368,6,43.859649122807,01/01/2020
DOUTOR CAMARGO,410730,2020,1396,0,0,01/01/2020
ENEAS MARQUES,410740,2020,1068,12,112.359550561798,01/01/2020
ENGENHEIRO BELTRAO,410750,2020,2540,27,106.299212598425,01/01/2020
ESPERANCA NOVA,410752,2020,389,8,205.655526992288,01/01/2020
ENTRE RIOS DO OESTE,410753,2020,816,0,0,01/01/2020
ESPIGAO ALTO DO IGUACU,410754,2020,804,1,12.4378109452736,01/01/2020
FAROL,410755,2020,565,16,283.185840707965,01/01/2020
FAXINAL,410760,2020,2962,0,0,01/01/2020
FAZENDA RIO GRANDE,410765,2020,9844,4,4.06338886631451,01/01/2020
FENIX,410770,2020,978,16,163.59918200409,01/01/2020
FERNANDES PINHEIRO,410773,2020,764,0,0,01/01/2020
FIGUEIRA,410775,2020,1518,0,0,01/01/2020
FLORAI,410780,2020,1174,0,0,01/01/2020
FLOR DA SERRA DO SUL,410785,2020,833,1,12.0048019207683,01/01/2020
FLORESTA,410790,2020,1196,0,0,01/01/2020
FLORESTOPOLIS,410800,2020,1680,0,0,01/01/2020
FLORIDA,410810,2020,496,0,0,01/01/2020
FORMOSA DO OESTE,410820,2020,1644,0,0,01/01/2020
FOZ DO IGUACU,410830,2020,35994,518,143.91287436795,01/01/2020
FRANCISCO ALVES,410832,2020,1317,11,83.5231586940015,01/01/2020
FRANCISCO BELTRAO,410840,2020,13441,38,28.2717059742579,01/01/2020
FOZ DO JORDAO,410845,2020,680,2,29.4117647058824,01/01/2020
GENERAL CARNEIRO,410850,2020,1738,6,34.5224395857307,01/01/2020
GODOY MOREIRA,410855,2020,697,0,0,01/01/2020
GOIOERE,410860,2020,5473,53,96.8390279554175,01/01/2020
GOIOXIM,410865,2020,1004,4,39.8406374501992,01/01/2020
GRANDES RIOS,410870,2020,1051,0,0,01/01/2020
GUAIRA,410880,2020,5280,0,0,01/01/2020
GUAIRACA,410890,2020,1127,3,26.6193433895297,01/01/2020
GUAMIRANGA,410895,2020,1165,0,0,01/01/2020
GUAPIRAMA,410900,2020,646,1,15.4798761609907,01/01/2020
GUAPOREMA,410910,2020,430,12,279.06976744186,01/01/2020
GUARACI,410920,2020,988,0,0,01/01/2020
GUARANIACU,410930,2020,2370,1,4.21940928270042,01/01/2020
GUARAPUAVA,410940,2020,24470,179,73.1507968941561,01/01/2020
GUARAQUECABA,410950,2020,1160,0,0,01/01/2020
GUARATUBA,410960,2020,6438,1,1.55327741534638,01/01/2020
HONORIO SERPA,410965,2020,825,3,36.3636363636364,01/01/2020
IBAITI,410970,2020,4876,4,8.20344544708778,01/01/2020
IBEMA,410975,2020,1018,0,0,01/01/2020
IBIPORA,410980,2020,9465,11,11.62176439514,01/01/2020
ICARAIMA,410990,2020,1682,5,29.7265160523187,01/01/2020
IGUARACU,411000,2020,677,0,0,01/01/2020
IGUATU,411005,2020,435,1,22.9885057471264,01/01/2020
IMBAU,411007,2020,1647,1,6.07164541590771,01/01/2020
IMBITUVA,411010,2020,3953,1,2.52972426005565,01/01/2020
INACIO MARTINS,411020,2020,1306,0,0,01/01/2020
INAJA,411030,2020,547,0,0,01/01/2020
INDIANOPOLIS,411040,2020,912,11,120.614035087719,01/01/2020
IPIRANGA,411050,2020,1849,0,0,01/01/2020
IPORA,411060,2020,3000,8,26.6666666666667,01/01/2020
IRACEMA DO OESTE,411065,2020,446,0,0,01/01/2020
IRATI,411070,2020,9263,0,0,01/01/2020
IRETAMA,411080,2020,1889,9,47.6442562202223,01/01/2020
ITAGUAJE,411090,2020,779,0,0,01/01/2020
ITAIPULANDIA,411095,2020,1923,42,218.408736349454,01/01/2020
ITAMBARACA,411100,2020,1372,1,7.28862973760933,01/01/2020
ITAMBE,411110,2020,1098,0,0,01/01/2020
ITAPEJARA D'OESTE,411120,2020,2146,1,4.65983224603914,01/01/2020
ITAPERUCU,411125,2020,2540,0,0,01/01/2020
ITAUNA DO SUL,411130,2020,548,2,36.4963503649635,01/01/2020
IVAI,411140,2020,1820,0,0,01/01/2020
IVAIPORA,411150,2020,6322,0,0,01/01/2020
IVATE,411155,2020,1277,6,46.9851213782302,01/01/2020
IVATUBA,411160,2020,580,0,0,01/01/2020
JABOTI,411170,2020,977,0,0,01/01/2020
JACAREZINHO,411180,2020,6529,31,47.4804717414612,01/01/2020
JAGUAPITA,411190,2020,2307,6,26.0078023407022,01/01/2020
JAGUARIAIVA,411200,2020,4199,0,0,01/01/2020
JANDAIA DO SUL,411210,2020,4293,0,0,01/01/2020
JANIOPOLIS,411220,2020,1213,11,90.684253915911,01/01/2020
JAPIRA,411230,2020,944,1,10.593220338983,01/01/2020
JAPURA,411240,2020,1955,36,184.143222506394,01/01/2020
JARDIM ALEGRE,411250,2020,2461,1,4.06338886631451,01/01/2020
JARDIM OLINDA,411260,2020,215,0,0,01/01/2020
JATAIZINHO,411270,2020,1990,4,20.1005025125628,01/01/2020
JESUITAS,411275,2020,1894,0,0,01/01/2020
JOAQUIM TAVORA,411280,2020,1934,1,5.17063081695967,01/01/2020
JUNDIAI DO SUL,411290,2020,663,0,0,01/01/2020
JURANDA,411295,2020,1361,12,88.1704628949302,01/01/2020
JUSSARA,411300,2020,1204,35,290.697674418605,01/01/2020
KALORE,411310,2020,1013,1,9.87166831194472,01/01/2020
LAPA,411320,2020,7307,1,1.36855070480361,01/01/2020
LARANJAL,411325,2020,678,0,0,01/01/2020
LARANJEIRAS DO SUL,411330,2020,5215,12,23.0105465004794,01/01/2020
LEOPOLIS,411340,2020,889,0,0,01/01/2020
LIDIANOPOLIS,411342,2020,839,0,0,01/01/2020
LINDOESTE,411345,2020,975,2,20.5128205128205,01/01/2020
LOANDA,411350,2020,3736,19,50.8565310492505,01/01/2020
LOBATO,411360,2020,805,0,0,01/01/2020
LONDRINA,411370,2020,102578,455,44.3564896956462,01/01/2020
LUIZIANA,411373,2020,1096,10,91.2408759124088,01/01/2020
LUNARDELLI,411375,2020,1033,0,0,01/01/2020
LUPIONOPOLIS,411380,2020,936,0,0,01/01/2020
MALLET,411390,2020,2257,0,0,01/01/2020
MAMBORE,411400,2020,2389,61,255.336961071578,01/01/2020
MANDAGUACU,411410,2020,3755,0,0,01/01/2020
MANDAGUARI,411420,2020,6794,0,0,01/01/2020
MANDIRITUBA,411430,2020,3762,1,2.6581605528974,01/01/2020
MANFRINOPOLIS,411435,2020,434,1,23.0414746543779,01/01/2020
MANGUEIRINHA,411440,2020,2416,0,0,01/01/2020
MANOEL RIBAS,411450,2020,2161,0,0,01/01/2020
MARECHAL CANDIDO RONDON,411460,2020,9065,1,1.10314396028682,01/01/2020
MARIA HELENA,411470,2020,1063,2,18.8146754468485,01/01/2020
MARIALVA,411480,2020,6557,0,0,01/01/2020
MARILANDIA DO SUL,411490,2020,1535,0,0,01/01/2020
MARILENA,411500,2020,1369,9,65.7414170927684,01/01/2020
MARILUZ,411510,2020,1623,2,12.3228589032656,01/01/2020
MARINGA,411520,2020,73509,274,37.2743473588268,01/01/2020
MARIOPOLIS,411530,2020,1204,0,0,01/01/2020
MARIPA,411535,2020,1235,0,0,01/01/2020
MARMELEIRO,411540,2020,2569,38,147.91747761775,01/01/2020
MARQUINHO,411545,2020,742,3,40.4312668463612,01/01/2020
MARUMBI,411550,2020,914,0,0,01/01/2020
MATELANDIA,411560,2020,2754,29,105.301379811184,01/01/2020
MATINHOS,411570,2020,6889,12,17.4190738859051,01/01/2020
MATO RICO,411573,2020,593,0,0,01/01/2020
MAUA DA SERRA,411575,2020,1190,0,0,01/01/2020
MEDIANEIRA,411580,2020,7151,62,86.7011606768284,01/01/2020
MERCEDES,411585,2020,1029,0,0,01/01/2020
MIRADOR,411590,2020,359,2,55.7103064066852,01/01/2020
MIRASELVA,411600,2020,464,0,0,01/01/2020
MISSAL,411605,2020,2287,20,87.4508089199825,01/01/2020
MOREIRA SALES,411610,2020,2567,22,85.7031554343592,01/01/2020
MORRETES,411620,2020,2691,0,0,01/01/2020
MUNHOZ DE MELO,411630,2020,824,0,0,01/01/2020
NOSSA SENHORA DAS GRACAS,411640,2020,707,0,0,01/01/2020
NOVA ALIANCA DO IVAI,411650,2020,206,2,97.0873786407767,01/01/2020
NOVA AMERICA DA COLINA,411660,2020,596,0,0,01/01/2020
NOVA AURORA,411670,2020,2157,0,0,01/01/2020
NOVA CANTU,411680,2020,1019,20,196.270853778214,01/01/2020
NOVA ESPERANCA,411690,2020,5239,0,0,01/01/2020
NOVA ESPERANCA DO SUDOESTE,411695,2020,872,1,11.4678899082569,01/01/2020
NOVA FATIMA,411700,2020,1525,1,6.55737704918033,01/01/2020
NOVA LARANJEIRAS,411705,2020,1601,1,6.24609618988132,01/01/2020
NOVA LONDRINA,411710,2020,2223,4,17.9937022042285,01/01/2020
NOVA OLIMPIA,411720,2020,1126,5,44.404973357016,01/01/2020
NOVA SANTA BARBARA,411721,2020,864,0,0,01/01/2020
NOVA SANTA ROSA,411722,2020,1656,0,0,01/01/2020
NOVA PRATA DO IGUACU,411725,2020,1846,1,5.41711809317443,01/01/2020
NOVA TEBAS,411727,2020,1142,7,61.2959719789842,01/01/2020
NOVO ITACOLOMI,411729,2020,618,0,0,01/01/2020
ORTIGUEIRA,411730,2020,3376,0,0,01/01/2020
OURIZONA,411740,2020,676,0,0,01/01/2020
OURO VERDE DO OESTE,411745,2020,1019,0,0,01/01/2020
PAICANDU,411750,2020,5883,0,0,01/01/2020
PALMAS,411760,2020,5021,0,0,01/01/2020
PALMEIRA,411770,2020,4874,0,0,01/01/2020
PALMITAL,411780,2020,2142,0,0,01/01/2020
PALOTINA,411790,2020,5439,0,0,01/01/2020
PARAISO DO NORTE,411800,2020,2003,6,29.9550673989016,01/01/2020
PARANACITY,411810,2020,1568,0,0,01/01/2020
PARANAGUA,411820,2020,18638,15,8.04807382766391,01/01/2020
PARANAPOEMA,411830,2020,410,5,121.951219512195,01/01/2020
PARANAVAI,411840,2020,16001,3,1.87488281982376,01/01/2020
PATO BRAGADO,411845,2020,954,0,0,01/01/2020
PATO BRANCO,411850,2020,12742,168,131.84743368388,01/01/2020
PAULA FREITAS,411860,2020,944,8,84.7457627118644,01/01/2020
PAULO FRONTIN,411870,2020,1242,6,48.3091787439614,01/01/2020
PEABIRU,411880,2020,2404,26,108.153078202995,01/01/2020
PEROBAL,411885,2020,1079,0,0,01/01/2020
PEROLA,411890,2020,2247,2,8.90075656430797,01/01/2020
PEROLA D'OESTE,411900,2020,1409,2,14.194464158978,01/01/2020
PIEN,411910,2020,1560,0,0,01/01/2020
PINHAIS,411915,2020,16437,27,16.4263551743019,01/01/2020
PINHALAO,411920,2020,1195,0,0,01/01/2020
PINHAL DE SAO BENTO,411925,2020,467,1,21.4132762312634,01/01/2020
PINHAO,411930,2020,3923,4,10.1962783583992,01/01/2020
PIRAI DO SUL,411940,2020,3734,0,0,01/01/2020
PIRAQUARA,411950,2020,10781,7,6.49290418328541,01/01/2020
PITANGA,411960,2020,4666,43,92.1560222888984,01/01/2020
PITANGUEIRAS,411965,2020,498,0,0,01/01/2020
PLANALTINA DO PARANA,411970,2020,751,2,26.6311584553928,01/01/2020
PLANALTO,411980,2020,2818,1,3.5486160397445,01/01/2020
PONTA GROSSA,411990,2020,48453,0,0,01/01/2020
PONTAL DO PARANA,411995,2020,5420,5,9.22509225092251,01/01/2020
PORECATU,412000,2020,2522,2,7.93021411578113,01/01/2020
PORTO AMAZONAS,412010,2020,736,0,0,01/01/2020
PORTO BARREIRO,412015,2020,580,0,0,01/01/2020
PORTO RICO,412020,2020,413,0,0,01/01/2020
PORTO VITORIA,412030,2020,726,10,137.741046831956,01/01/2020
PRADO FERREIRA,412033,2020,628,1,15.9235668789809,01/01/2020
PRANCHITA,412035,2020,1103,0,0,01/01/2020
PRESIDENTE CASTELO BRANCO,412040,2020,766,0,0,01/01/2020
PRIMEIRO DE MAIO,412050,2020,2457,2,8.14000814000814,01/01/2020
PRUDENTOPOLIS,412060,2020,7926,18,22.7100681302044,01/01/2020
QUARTO CENTENARIO,412065,2020,817,10,122.399020807834,01/01/2020
QUATIGUA,412070,2020,1531,0,0,01/01/2020
QUATRO BARRAS,412080,2020,2868,2,6.97350069735007,01/01/2020
QUATRO PONTES,412085,2020,862,0,0,01/01/2020
QUEDAS DO IGUACU,412090,2020,5028,0,0,01/01/2020
QUERENCIA DO NORTE,412100,2020,1976,0,0,01/01/2020
QUINTA DO SOL,412110,2020,859,31,360.884749708964,01/01/2020
QUITANDINHA,412120,2020,2881,0,0,01/01/2020
RAMILANDIA,412125,2020,660,2,30.3030303030303,01/01/2020
RANCHO ALEGRE,412130,2020,867,0,0,01/01/2020
RANCHO ALEGRE D'OESTE,412135,2020,509,6,117.878192534381,01/01/2020
REALEZA,412140,2020,3144,3,9.54198473282443,01/01/2020
REBOUCAS,412150,2020,2269,0,0,01/01/2020
RENASCENCA,412160,2020,1115,30,269.058295964126,01/01/2020
RESERVA,412170,2020,3347,0,0,01/01/2020
RESERVA DO IGUACU,412175,2020,923,1,10.8342361863489,01/01/2020
RIBEIRAO CLARO,412180,2020,2036,6,29.4695481335953,01/01/2020
RIBEIRAO DO PINHAL,412190,2020,2605,1,3.83877159309021,01/01/2020
RIO AZUL,412200,2020,2066,0,0,01/01/2020
RIO BOM,412210,2020,753,0,0,01/01/2020
RIO BONITO DO IGUACU,412215,2020,2128,1,4.69924812030075,01/01/2020
RIO BRANCO DO IVAI,412217,2020,610,0,0,01/01/2020
RIO BRANCO DO SUL,412220,2020,3340,4,11.9760479041916,01/01/2020
RIO NEGRO,412230,2020,5042,0,0,01/01/2020
ROLANDIA,412240,2020,10702,13,12.1472621939824,01/01/2020
RONCADOR,412250,2020,1739,3,17.2512938470385,01/01/2020
RONDON,412260,2020,1521,27,177.514792899408,01/01/2020
ROSARIO DO IVAI,412265,2020,909,0,0,01/01/2020
SABAUDIA,412270,2020,1183,0,0,01/01/2020
SALGADO FILHO,412280,2020,755,3,39.7350993377483,01/01/2020
SALTO DO ITARARE,412290,2020,1072,1,9.32835820895522,01/01/2020
SALTO DO LONTRA,412300,2020,2231,4,17.9291797400269,01/01/2020
SANTA AMELIA,412310,2020,722,0,0,01/01/2020
SANTA CECILIA DO PAVAO,412320,2020,665,1,15.0375939849624,01/01/2020
SANTA CRUZ DE MONTE CASTELO,412330,2020,1514,0,0,01/01/2020
SANTA FE,412340,2020,2170,0,0,01/01/2020
SANTA HELENA,412350,2020,4877,0,0,01/01/2020
SANTA INES,412360,2020,289,0,0,01/01/2020
SANTA ISABEL DO IVAI,412370,2020,1842,2,10.85776330076,01/01/2020
SANTA IZABEL DO OESTE,412380,2020,2508,3,11.9617224880383,01/01/2020
SANTA LUCIA,412382,2020,772,0,0,01/01/2020
SANTA MARIA DO OESTE,412385,2020,1489,0,0,01/01/2020
SANTA MARIANA,412390,2020,2655,0,0,01/01/2020
SANTA MONICA,412395,2020,527,4,75.9013282732448,01/01/2020
SANTANA DO ITARARE,412400,2020,892,0,0,01/01/2020
SANTA TEREZA DO OESTE,412402,2020,1319,2,15.1630022744503,01/01/2020
SANTA TEREZINHA DE ITAIPU,412405,2020,3894,2,5.13610683102209,01/01/2020
SANTO ANTONIO DA PLATINA,412410,2020,7661,6,7.83187573423835,01/01/2020
SANTO ANTONIO DO CAIUA,412420,2020,513,1,19.4931773879142,01/01/2020
SANTO ANTONIO DO PARAISO,412430,2020,455,0,0,01/01/2020
SANTO ANTONIO DO SUDOESTE,412440,2020,3407,7,20.5459348400352,01/01/2020
SANTO INACIO,412450,2020,908,0,0,01/01/2020
SAO CARLOS DO IVAI,412460,2020,1096,1,9.12408759124088,01/01/2020
SAO JERONIMO DA SERRA,412470,2020,1829,0,0,01/01/2020
SAO JOAO,412480,2020,2166,1,4.61680517082179,01/01/2020
SAO JOAO DO CAIUA,412490,2020,1005,3,29.8507462686567,01/01/2020
SAO JOAO DO IVAI,412500,2020,2315,0,0,01/01/2020
SAO JOAO DO TRIUNFO,412510,2020,1835,0,0,01/01/2020
SAO JORGE D'OESTE,412520,2020,1726,0,0,01/01/2020
SAO JORGE DO IVAI,412530,2020,1241,1,8.058017727639,01/01/2020
SAO JORGE DO PATROCINIO,412535,2020,1338,11,82.2122571001495,01/01/2020
SAO JOSE DA BOA VISTA,412540,2020,1177,0,0,01/01/2020
SAO JOSE DAS PALMEIRAS,412545,2020,611,0,0,01/01/2020
SAO JOSE DOS PINHAIS,412550,2020,34629,9,2.59897773542407,01/01/2020
SAO MANOEL DO PARANA,412555,2020,467,16,342.612419700214,01/01/2020
SAO MATEUS DO SUL,412560,2020,6003,140,233.216724970848,01/01/2020
SAO MIGUEL DO IGUACU,412570,2020,4710,27,57.3248407643312,01/01/2020
SAO PEDRO DO IGUACU,412575,2020,1250,0,0,01/01/2020
SAO PEDRO DO IVAI,412580,2020,1790,0,0,01/01/2020
SAO PEDRO DO PARANA,412590,2020,459,2,43.5729847494553,01/01/2020
SAO SEBASTIAO DA AMOREIRA,412600,2020,1606,0,0,01/01/2020
SAO TOME,412610,2020,918,41,446.623093681917,01/01/2020
SAPOPEMA,412620,2020,1004,1,9.9601593625498,01/01/2020
SARANDI,412625,2020,13069,0,0,01/01/2020
SAUDADE DO IGUACU,412627,2020,903,2,22.1483942414175,01/01/2020
SENGES,412630,2020,2277,0,0,01/01/2020
SERRANOPOLIS DO IGUACU,412635,2020,1069,11,102.899906454631,01/01/2020
SERTANEJA,412640,2020,1254,0,0,01/01/2020
SERTANOPOLIS,412650,2020,3116,7,22.4646983311938,01/01/2020
SIQUEIRA CAMPOS,412660,2020,3449,0,0,01/01/2020
SULINA,412665,2020,678,0,0,01/01/2020
TAMARANA,412667,2020,2045,4,19.559902200489,01/01/2020
TAMBOARA,412670,2020,927,0,0,01/01/2020
TAPEJARA,412680,2020,2290,31,135.371179039301,01/01/2020
TAPIRA,412690,2020,1140,9,78.9473684210526,01/01/2020
TEIXEIRA SOARES,412700,2020,1660,0,0,01/01/2020
TELEMACO BORBA,412710,2020,10252,0,0,01/01/2020
TERRA BOA,412720,2020,2952,82,277.777777777778,01/01/2020
TERRA RICA,412730,2020,2788,4,14.3472022955524,01/01/2020
TERRA ROXA,412740,2020,3237,0,0,01/01/2020
TIBAGI,412750,2020,2714,0,0,01/01/2020
TIJUCAS DO SUL,412760,2020,2437,1,4.10340582683627,01/01/2020
TOLEDO,412770,2020,20307,0,0,01/01/2020
TOMAZINA,412780,2020,1510,2,13.2450331125828,01/01/2020
TRES BARRAS DO PARANA,412785,2020,1927,0,0,01/01/2020
TUNAS DO PARANA,412788,2020,489,0,0,01/01/2020
TUNEIRAS DO OESTE,412790,2020,1383,22,159.074475777296,01/01/2020
TUPASSI,412795,2020,1800,0,0,01/01/2020
TURVO,412796,2020,1902,16,84.1219768664564,01/01/2020
UBIRATA,412800,2020,4077,29,71.130733382389,01/01/2020
UMUARAMA,412810,2020,19483,154,79.0432684904789,01/01/2020
UNIAO DA VITORIA,412820,2020,8654,76,87.8206609660273,01/01/2020
UNIFLOR,412830,2020,424,0,0,01/01/2020
URAI,412840,2020,2601,0,0,01/01/2020
WENCESLAU BRAZ,412850,2020,3440,2,5.81395348837209,01/01/2020
VENTANIA,412853,2020,1327,0,0,01/01/2020
VERA CRUZ DO OESTE,412855,2020,1711,1,5.84453535943892,01/01/2020
VERE,412860,2020,1484,4,26.9541778975741,01/01/2020
ALTO PARAISO,412862,2020,491,5,101.83299389002,01/01/2020
DOUTOR ULYSSES,412863,2020,745,0,0,01/01/2020
VIRMOND,412865,2020,690,3,43.4782608695652,01/01/2020
VITORINO,412870,2020,1162,0,0,01/01/2020
XAMBRE,412880,2020,1215,1,8.23045267489712,01/01/2020
ABATIA,410010,2021,1505,0,0,01/01/2021
ADRIANOPOLIS,410020,2021,1118,0,0,01/01/2021
AGUDOS DO SUL,410030,2021,1476,1,6.77506775067751,01/01/2021
ALMIRANTE TAMANDARE,410040,2021,13395,15,11.1982082866741,01/01/2021
ALTAMIRA DO PARANA,410045,2021,291,7,240.549828178694,01/01/2021
ALTONIA,410050,2021,4177,28,67.0337562844147,01/01/2021
ALTO PARANA,410060,2021,2554,8,31.3234142521535,01/01/2021
ALTO PIQUIRI,410070,2021,1852,22,118.790496760259,01/01/2021
ALVORADA DO SUL,410080,2021,2249,2,8.89284126278346,01/01/2021
AMAPORA,410090,2021,805,2,24.8447204968944,01/01/2021
AMPERE,410100,2021,3054,14,45.841519318926,01/01/2021
ANAHY,410105,2021,604,0,0,01/01/2021
ANDIRA,410110,2021,4070,0,0,01/01/2021
ANGULO,410115,2021,513,0,0,01/01/2021
ANTONINA,410120,2021,3555,6,16.8776371308017,01/01/2021
ANTONIO OLINTO,410130,2021,1383,1,7.23065798987708,01/01/2021
APUCARANA,410140,2021,23898,124,51.887187212319,01/01/2021
ARAPONGAS,410150,2021,20263,2,0.987020678083206,01/01/2021
ARAPOTI,410160,2021,3917,1,2.55297421496043,01/01/2021
ARAPUA,410165,2021,728,0,0,01/01/2021
ARARUNA,410170,2021,2607,28,107.403145377829,01/01/2021
ARAUCARIA,410180,2021,16860,6,3.55871886120996,01/01/2021
ARIRANHA DO IVAI,410185,2021,474,0,0,01/01/2021
ASSAI,410190,2021,3107,8,25.7483102671387,01/01/2021
ASSIS CHATEAUBRIAND,410200,2021,6927,0,0,01/01/2021
ASTORGA,410210,2021,5372,1,1.86150409530901,01/01/2021
ATALAIA,410220,2021,876,0,0,01/01/2021
BALSA NOVA,410230,2021,1861,0,0,01/01/2021
BANDEIRANTES,410240,2021,6086,1,1.64311534669734,01/01/2021
BARBOSA FERRAZ,410250,2021,2502,21,83.9328537170264,01/01/2021
BARRACAO,410260,2021,1840,0,0,01/01/2021
BARRA DO JACARE,410270,2021,668,0,0,01/01/2021
BELA VISTA DA CAROBA,410275,2021,783,2,25.5427841634738,01/01/2021
BELA VISTA DO PARAISO,410280,2021,3400,4,11.7647058823529,01/01/2021
BITURUNA,410290,2021,2158,17,78.7766450417053,01/01/2021
BOA ESPERANCA,410300,2021,883,24,271.800679501699,01/01/2021
BOA ESPERANCA DO IGUACU,410302,2021,409,0,0,01/01/2021
BOA VENTURA DE SAO ROQUE,410304,2021,846,17,200.945626477541,01/01/2021
BOA VISTA DA APARECIDA,410305,2021,1511,0,0,01/01/2021
BOCAIUVA DO SUL,410310,2021,1664,0,0,01/01/2021
BOM JESUS DO SUL,410315,2021,857,6,70.0116686114352,01/01/2021
BOM SUCESSO,410320,2021,1146,0,0,01/01/2021
BOM SUCESSO DO SUL,410322,2021,675,14,207.407407407407,01/01/2021
BORRAZOPOLIS,410330,2021,1558,0,0,01/01/2021
BRAGANEY,410335,2021,995,0,0,01/01/2021
BRASILANDIA DO SUL,410337,2021,539,8,148.423005565863,01/01/2021
CAFEARA,410340,2021,478,1,20.9205020920502,01/01/2021
CAFELANDIA,410345,2021,2429,0,0,01/01/2021
CAFEZAL DO SUL,410347,2021,876,12,136.986301369863,01/01/2021
CALIFORNIA,410350,2021,1601,1,6.24609618988132,01/01/2021
CAMBARA,410360,2021,4901,6,12.242399510304,01/01/2021
CAMBE,410370,2021,18718,96,51.2875307190939,01/01/2021
CAMBIRA,410380,2021,1566,0,0,01/01/2021
CAMPINA DA LAGOA,410390,2021,2862,15,52.4109014675052,01/01/2021
CAMPINA DO SIMAO,410395,2021,558,12,215.05376344086,01/01/2021
CAMPINA GRANDE DO SUL,410400,2021,5277,6,11.3700966458215,01/01/2021
CAMPO BONITO,410405,2021,637,0,0,01/01/2021
CAMPO DO TENENTE,410410,2021,968,0,0,01/01/2021
CAMPO LARGO,410420,2021,18033,8,4.43631120723119,01/01/2021
CAMPO MAGRO,410425,2021,3645,3,8.23045267489712,01/01/2021
CAMPO MOURAO,410430,2021,15929,411,258.019963588424,01/01/2021
CANDIDO DE ABREU,410440,2021,2491,0,0,01/01/2021
CANDOI,410442,2021,2157,34,157.626332869727,01/01/2021
CANTAGALO,410445,2021,1960,11,56.1224489795918,01/01/2021
CAPANEMA,410450,2021,3780,0,0,01/01/2021
CAPITAO LEONIDAS MARQUES,410460,2021,2875,0,0,01/01/2021
CARAMBEI,410465,2021,2444,0,0,01/01/2021
CARLOPOLIS,410470,2021,2661,1,3.75798571965427,01/01/2021
CASCAVEL,410480,2021,47554,2,0.420574504773521,01/01/2021
CASTRO,410490,2021,9166,0,0,01/01/2021
CATANDUVAS,410500,2021,1564,0,0,01/01/2021
CENTENARIO DO SUL,410510,2021,2036,9,44.2043222003929,01/01/2021
CERRO AZUL,410520,2021,2546,1,3.92772977219167,01/01/2021
CEU AZUL,410530,2021,2131,0,0,01/01/2021
CHOPINZINHO,410540,2021,3571,8,22.4026883225987,01/01/2021
CIANORTE,410550,2021,12830,893,696.024941543258,01/01/2021
CIDADE GAUCHA,410560,2021,1858,24,129.171151776103,01/01/2021
CLEVELANDIA,410570,2021,3008,5,16.6223404255319,01/01/2021
COLOMBO,410580,2021,28571,24,8.40012600189003,01/01/2021
COLORADO,410590,2021,4934,1,2.02675314146737,01/01/2021
CONGONHINHAS,410600,2021,1618,0,0,01/01/2021
CONSELHEIRO MAIRINCK,410610,2021,710,1,14.0845070422535,01/01/2021
CONTENDA,410620,2021,2670,2,7.49063670411985,01/01/2021
CORBELIA,410630,2021,3049,1,3.2797638570023,01/01/2021
CORNELIO PROCOPIO,410640,2021,10239,2,1.95331575349155,01/01/2021
CORONEL DOMINGOS SOARES,410645,2021,830,3,36.144578313253,01/01/2021
CORONEL VIVIDA,410650,2021,4130,8,19.3704600484262,01/01/2021
CORUMBATAI DO SUL,410655,2021,683,33,483.162518301611,01/01/2021
CRUZEIRO DO IGUACU,410657,2021,766,0,0,01/01/2021
CRUZEIRO DO OESTE,410660,2021,4123,21,50.9337860780985,01/01/2021
CRUZEIRO DO SUL,410670,2021,831,0,0,01/01/2021
CRUZ MACHADO,410680,2021,2699,15,55.5761393108559,01/01/2021
CRUZMALTINA,410685,2021,573,0,0,01/01/2021
CURITIBA,410690,2021,331854,1233,37.1548934169846,01/01/2021
CURIUVA,410700,2021,2366,0,0,01/01/2021
DIAMANTE DO NORTE,410710,2021,1133,3,26.4783759929391,01/01/2021
DIAMANTE DO SUL,410712,2021,457,0,0,01/01/2021
DIAMANTE D'OESTE,410715,2021,902,0,0,01/01/2021
DOIS VIZINHOS,410720,2021,6334,13,20.5241553520682,01/01/2021
DOURADINA,410725,2021,1424,16,112.359550561798,01/01/2021
DOUTOR CAMARGO,410730,2021,1449,0,0,01/01/2021
ENEAS MARQUES,410740,2021,1099,2,18.1983621474067,01/01/2021
ENGENHEIRO BELTRAO,410750,2021,2632,58,220.364741641337,01/01/2021
ESPERANCA NOVA,410752,2021,393,13,330.788804071247,01/01/2021
ENTRE RIOS DO OESTE,410753,2021,856,0,0,01/01/2021
ESPIGAO ALTO DO IGUACU,410754,2021,814,0,0,01/01/2021
FAROL,410755,2021,579,12,207.253886010363,01/01/2021
FAXINAL,410760,2021,3058,1,3.27011118378025,01/01/2021
FAZENDA RIO GRANDE,410765,2021,10471,15,14.3252793429472,01/01/2021
FENIX,410770,2021,1011,30,296.73590504451,01/01/2021
FERNANDES PINHEIRO,410773,2021,785,0,0,01/01/2021
FIGUEIRA,410775,2021,1558,2,12.8369704749679,01/01/2021
FLORAI,410780,2021,1199,0,0,01/01/2021
FLOR DA SERRA DO SUL,410785,2021,864,6,69.4444444444445,01/01/2021
FLORESTA,410790,2021,1243,0,0,01/01/2021
FLORESTOPOLIS,410800,2021,1731,2,11.5540150202195,01/01/2021
FLORIDA,410810,2021,517,0,0,01/01/2021
FORMOSA DO OESTE,410820,2021,1676,0,0,01/01/2021
FOZ DO IGUACU,410830,2021,37866,462,122.009190302646,01/01/2021
FRANCISCO ALVES,410832,2021,1338,29,216.741405082212,01/01/2021
FRANCISCO BELTRAO,410840,2021,14084,45,31.9511502414087,01/01/2021
FOZ DO JORDAO,410845,2021,693,9,129.87012987013,01/01/2021
GENERAL CARNEIRO,410850,2021,1805,21,116.343490304709,01/01/2021
GODOY MOREIRA,410855,2021,714,0,0,01/01/2021
GOIOERE,410860,2021,5673,181,319.055173629473,01/01/2021
GOIOXIM,410865,2021,1036,0,0,01/01/2021
GRANDES RIOS,410870,2021,1069,0,0,01/01/2021
GUAIRA,410880,2021,5455,0,0,01/01/2021
GUAIRACA,410890,2021,1178,0,0,01/01/2021
GUAMIRANGA,410895,2021,1217,0,0,01/01/2021
GUAPIRAMA,410900,2021,668,0,0,01/01/2021
GUAPOREMA,410910,2021,447,23,514.541387024609,01/01/2021
GUARACI,410920,2021,1012,2,19.7628458498024,01/01/2021
GUARANIACU,410930,2021,2390,0,0,01/01/2021
GUARAPUAVA,410940,2021,25544,224,87.6918258690886,01/01/2021
GUARAQUECABA,410950,2021,1177,0,0,01/01/2021
GUARATUBA,410960,2021,6770,4,5.90841949778434,01/01/2021
HONORIO SERPA,410965,2021,845,1,11.8343195266272,01/01/2021
IBAITI,410970,2021,5040,4,7.93650793650794,01/01/2021
IBEMA,410975,2021,1062,0,0,01/01/2021
IBIPORA,410980,2021,9844,15,15.2377082486794,01/01/2021
ICARAIMA,410990,2021,1702,23,135.135135135135,01/01/2021
IGUARACU,411000,2021,694,0,0,01/01/2021
IGUATU,411005,2021,447,0,0,01/01/2021
IMBAU,411007,2021,1693,0,0,01/01/2021
IMBITUVA,411010,2021,4120,0,0,01/01/2021
INACIO MARTINS,411020,2021,1340,0,0,01/01/2021
INAJA,411030,2021,566,6,106.007067137809,01/01/2021
INDIANOPOLIS,411040,2021,934,27,289.079229122056,01/01/2021
IPIRANGA,411050,2021,1910,0,0,01/01/2021
IPORA,411060,2021,3057,34,111.220150474321,01/01/2021
IRACEMA DO OESTE,411065,2021,460,0,0,01/01/2021
IRATI,411070,2021,9590,0,0,01/01/2021
IRETAMA,411080,2021,1946,25,128.46865364851,01/01/2021
ITAGUAJE,411090,2021,803,0,0,01/01/2021
ITAIPULANDIA,411095,2021,2065,73,353.510895883777,01/01/2021
ITAMBARACA,411100,2021,1407,0,0,01/01/2021
ITAMBE,411110,2021,1127,0,0,01/01/2021
ITAPEJARA D'OESTE,411120,2021,2228,27,121.184919210054,01/01/2021
ITAPERUCU,411125,2021,2663,4,15.0206533984228,01/01/2021
ITAUNA DO SUL,411130,2021,549,5,91.0746812386157,01/01/2021
IVAI,411140,2021,1874,1,5.33617929562433,01/01/2021
IVAIPORA,411150,2021,6506,1,1.53704272978789,01/01/2021
IVATE,411155,2021,1325,22,166.037735849057,01/01/2021
IVATUBA,411160,2021,601,1,16.6389351081531,01/01/2021
JABOTI,411170,2021,1017,0,0,01/01/2021
JACAREZINHO,411180,2021,6721,15,22.3181074244904,01/01/2021
JAGUAPITA,411190,2021,2399,8,33.3472280116715,01/01/2021
JAGUARIAIVA,411200,2021,4348,1,2.29990800367985,01/01/2021
JANDAIA DO SUL,411210,2021,4440,0,0,01/01/2021
JANIOPOLIS,411220,2021,1223,8,65.4129190515127,01/01/2021
JAPIRA,411230,2021,972,4,41.1522633744856,01/01/2021
JAPURA,411240,2021,2036,29,142.436149312377,01/01/2021
JARDIM ALEGRE,411250,2021,2505,1,3.99201596806387,01/01/2021
JARDIM OLINDA,411260,2021,224,2,89.2857142857143,01/01/2021
JATAIZINHO,411270,2021,2059,8,38.8538125303545,01/01/2021
JESUITAS,411275,2021,1929,0,0,01/01/2021
JOAQUIM TAVORA,411280,2021,1988,4,20.1207243460765,01/01/2021
JUNDIAI DO SUL,411290,2021,677,1,14.7710487444609,01/01/2021
JURANDA,411295,2021,1420,22,154.929577464789,01/01/2021
JUSSARA,411300,2021,1252,49,391.373801916933,01/01/2021
KALORE,411310,2021,1034,2,19.3423597678917,01/01/2021
LAPA,411320,2021,7585,4,5.27356624917601,01/01/2021
LARANJAL,411325,2021,698,0,0,01/01/2021
LARANJEIRAS DO SUL,411330,2021,5398,15,27.7880696554279,01/01/2021
LEOPOLIS,411340,2021,911,1,10.9769484083425,01/01/2021
LIDIANOPOLIS,411342,2021,846,0,0,01/01/2021
LINDOESTE,411345,2021,994,1,10.0603621730382,01/01/2021
LOANDA,411350,2021,3870,52,134.366925064599,01/01/2021
LOBATO,411360,2021,857,0,0,01/01/2021
LONDRINA,411370,2021,106875,974,91.1345029239766,01/01/2021
LUIZIANA,411373,2021,1135,6,52.863436123348,01/01/2021
LUNARDELLI,411375,2021,1058,0,0,01/01/2021
LUPIONOPOLIS,411380,2021,970,1,10.3092783505155,01/01/2021
MALLET,411390,2021,2334,0,0,01/01/2021
MAMBORE,411400,2021,2464,36,146.103896103896,01/01/2021
MANDAGUACU,411410,2021,3946,1,2.53421186011151,01/01/2021
MANDAGUARI,411420,2021,7047,0,0,01/01/2021
MANDIRITUBA,411430,2021,3938,3,7.61808024377857,01/01/2021
MANFRINOPOLIS,411435,2021,440,4,90.9090909090909,01/01/2021
MANGUEIRINHA,411440,2021,2505,13,51.8962075848303,01/01/2021
MANOEL RIBAS,411450,2021,2230,1,4.48430493273543,01/01/2021
MARECHAL CANDIDO RONDON,411460,2021,9470,0,0,01/01/2021
MARIA HELENA,411470,2021,1085,29,267.281105990783,01/01/2021
MARIALVA,411480,2021,6800,0,0,01/01/2021
MARILANDIA DO SUL,411490,2021,1585,1,6.30914826498423,01/01/2021
MARILENA,411500,2021,1426,0,0,01/01/2021
MARILUZ,411510,2021,1671,16,95.7510472770796,01/01/2021
MARINGA,411520,2021,76908,299,38.8776200135227,01/01/2021
MARIOPOLIS,411530,2021,1247,2,16.0384923817161,01/01/2021
MARIPA,411535,2021,1274,0,0,01/01/2021
MARMELEIRO,411540,2021,2654,34,128.10851544838,01/01/2021
MARQUINHO,411545,2021,755,3,39.7350993377483,01/01/2021
MARUMBI,411550,2021,943,1,10.6044538706257,01/01/2021
MATELANDIA,411560,2021,2867,60,209.277990931287,01/01/2021
MATINHOS,411570,2021,7268,18,24.7660979636764,01/01/2021
MATO RICO,411573,2021,603,0,0,01/01/2021
MAUA DA SERRA,411575,2021,1253,0,0,01/01/2021
MEDIANEIRA,411580,2021,7516,90,119.744544970729,01/01/2021
MERCEDES,411585,2021,1064,0,0,01/01/2021
MIRADOR,411590,2021,370,5,135.135135135135,01/01/2021
MIRASELVA,411600,2021,471,0,0,01/01/2021
MISSAL,411605,2021,2357,33,140.008485362749,01/01/2021
MOREIRA SALES,411610,2021,2649,16,60.4001510003775,01/01/2021
MORRETES,411620,2021,2759,0,0,01/01/2021
MUNHOZ DE MELO,411630,2021,861,1,11.6144018583043,01/01/2021
NOSSA SENHORA DAS GRACAS,411640,2021,746,0,0,01/01/2021
NOVA ALIANCA DO IVAI,411650,2021,214,1,46.7289719626168,01/01/2021
NOVA AMERICA DA COLINA,411660,2021,615,0,0,01/01/2021
NOVA AURORA,411670,2021,2202,0,0,01/01/2021
NOVA CANTU,411680,2021,1015,17,167.487684729064,01/01/2021
NOVA ESPERANCA,411690,2021,5431,0,0,01/01/2021
NOVA ESPERANCA DO SUDOESTE,411695,2021,901,9,99.8890122086571,01/01/2021
NOVA FATIMA,411700,2021,1568,0,0,01/01/2021
NOVA LARANJEIRAS,411705,2021,1636,1,6.11246943765281,01/01/2021
NOVA LONDRINA,411710,2021,2301,6,26.0756192959583,01/01/2021
NOVA OLIMPIA,411720,2021,1152,9,78.125,01/01/2021
NOVA SANTA BARBARA,411721,2021,900,0,0,01/01/2021
NOVA SANTA ROSA,411722,2021,1707,0,0,01/01/2021
NOVA PRATA DO IGUACU,411725,2021,1905,4,20.997375328084,01/01/2021
NOVA TEBAS,411727,2021,1138,0,0,01/01/2021
NOVO ITACOLOMI,411729,2021,641,0,0,01/01/2021
ORTIGUEIRA,411730,2021,3438,0,0,01/01/2021
OURIZONA,411740,2021,697,0,0,01/01/2021
OURO VERDE DO OESTE,411745,2021,1057,0,0,01/01/2021
PAICANDU,411750,2021,6170,0,0,01/01/2021
PALMAS,411760,2021,5241,10,19.0803281816447,01/01/2021
PALMEIRA,411770,2021,5055,0,0,01/01/2021
PALMITAL,411780,2021,2185,2,9.1533180778032,01/01/2021
PALOTINA,411790,2021,5675,0,0,01/01/2021
PARAISO DO NORTE,411800,2021,2073,8,38.5914134105162,01/01/2021
PARANACITY,411810,2021,1642,0,0,01/01/2021
PARANAGUA,411820,2021,19425,22,11.3256113256113,01/01/2021
PARANAPOEMA,411830,2021,434,1,23.0414746543779,01/01/2021
PARANAVAI,411840,2021,16630,0,0,01/01/2021
PATO BRAGADO,411845,2021,989,0,0,01/01/2021
PATO BRANCO,411850,2021,13346,157,117.638243668515,01/01/2021
PAULA FREITAS,411860,2021,976,0,0,01/01/2021
PAULO FRONTIN,411870,2021,1275,2,15.6862745098039,01/01/2021
PEABIRU,411880,2021,2477,40,161.485668146952,01/01/2021
PEROBAL,411885,2021,1116,6,53.7634408602151,01/01/2021
PEROLA,411890,2021,2299,8,34.7977381470204,01/01/2021
PEROLA D'OESTE,411900,2021,1454,2,13.7551581843191,01/01/2021
PIEN,411910,2021,1616,1,6.18811881188119,01/01/2021
PINHAIS,411915,2021,17200,40,23.2558139534884,01/01/2021
PINHALAO,411920,2021,1236,0,0,01/01/2021
PINHAL DE SAO BENTO,411925,2021,485,1,20.6185567010309,01/01/2021
PINHAO,411930,2021,4088,3,7.3385518590998,01/01/2021
PIRAI DO SUL,411940,2021,3863,1,2.58866166192079,01/01/2021
PIRAQUARA,411950,2021,11391,12,10.5346326046879,01/01/2021
PITANGA,411960,2021,4782,74,154.746967795901,01/01/2021
PITANGUEIRAS,411965,2021,516,0,0,01/01/2021
PLANALTINA DO PARANA,411970,2021,781,6,76.8245838668374,01/01/2021
PLANALTO,411980,2021,2918,2,6.85400959561344,01/01/2021
PONTA GROSSA,411990,2021,50216,5,0.995698582125219,01/01/2021
PONTAL DO PARANA,411995,2021,5769,29,50.2686774137632,01/01/2021
PORECATU,412000,2021,2567,1,3.89559797428905,01/01/2021
PORTO AMAZONAS,412010,2021,767,0,0,01/01/2021
PORTO BARREIRO,412015,2021,588,0,0,01/01/2021
PORTO RICO,412020,2021,426,3,70.4225352112676,01/01/2021
PORTO VITORIA,412030,2021,747,11,147.255689424364,01/01/2021
PRADO FERREIRA,412033,2021,653,3,45.9418070444104,01/01/2021
PRANCHITA,412035,2021,1131,4,35.3669319186561,01/01/2021
PRESIDENTE CASTELO BRANCO,412040,2021,803,0,0,01/01/2021
PRIMEIRO DE MAIO,412050,2021,2542,6,23.60346184107,01/01/2021
PRUDENTOPOLIS,412060,2021,8180,29,35.4523227383863,01/01/2021
QUARTO CENTENARIO,412065,2021,848,13,153.301886792453,01/01/2021
QUATIGUA,412070,2021,1593,0,0,01/01/2021
QUATRO BARRAS,412080,2021,3030,0,0,01/01/2021
QUATRO PONTES,412085,2021,900,0,0,01/01/2021
QUEDAS DO IGUACU,412090,2021,5245,0,0,01/01/2021
QUERENCIA DO NORTE,412100,2021,2065,6,29.0556900726392,01/01/2021
QUINTA DO SOL,412110,2021,882,10,113.378684807256,01/01/2021
QUITANDINHA,412120,2021,2968,0,0,01/01/2021
RAMILANDIA,412125,2021,683,3,43.9238653001464,01/01/2021
RANCHO ALEGRE,412130,2021,893,0,0,01/01/2021
RANCHO ALEGRE D'OESTE,412135,2021,524,12,229.007633587786,01/01/2021
REALEZA,412140,2021,3260,5,15.3374233128834,01/01/2021
REBOUCAS,412150,2021,2344,0,0,01/01/2021
RENASCENCA,412160,2021,1153,37,320.901994796184,01/01/2021
RESERVA,412170,2021,3430,0,0,01/01/2021
RESERVA DO IGUACU,412175,2021,974,9,92.4024640657084,01/01/2021
RIBEIRAO CLARO,412180,2021,2079,2,9.62000962000962,01/01/2021
RIBEIRAO DO PINHAL,412190,2021,2690,1,3.71747211895911,01/01/2021
RIO AZUL,412200,2021,2128,0,0,01/01/2021
RIO BOM,412210,2021,775,0,0,01/01/2021
RIO BONITO DO IGUACU,412215,2021,2236,3,13.4168157423971,01/01/2021
RIO BRANCO DO IVAI,412217,2021,633,0,0,01/01/2021
RIO BRANCO DO SUL,412220,2021,3447,3,8.70322019147084,01/01/2021
RIO NEGRO,412230,2021,5234,0,0,01/01/2021
ROLANDIA,412240,2021,11090,20,18.034265103697,01/01/2021
RONCADOR,412250,2021,1767,12,67.911714770798,01/01/2021
RONDON,412260,2021,1579,46,291.323622545915,01/01/2021
ROSARIO DO IVAI,412265,2021,920,0,0,01/01/2021
SABAUDIA,412270,2021,1226,0,0,01/01/2021
SALGADO FILHO,412280,2021,762,8,104.98687664042,01/01/2021
SALTO DO ITARARE,412290,2021,1096,0,0,01/01/2021
SALTO DO LONTRA,412300,2021,2304,4,17.3611111111111,01/01/2021
SANTA AMELIA,412310,2021,738,0,0,01/01/2021
SANTA CECILIA DO PAVAO,412320,2021,680,0,0,01/01/2021
SANTA CRUZ DE MONTE CASTELO,412330,2021,1558,1,6.41848523748395,01/01/2021
SANTA FE,412340,2021,2268,0,0,01/01/2021
SANTA HELENA,412350,2021,5094,0,0,01/01/2021
SANTA INES,412360,2021,297,0,0,01/01/2021
SANTA ISABEL DO IVAI,412370,2021,1900,7,36.8421052631579,01/01/2021
SANTA IZABEL DO OESTE,412380,2021,2605,2,7.67754318618042,01/01/2021
SANTA LUCIA,412382,2021,783,0,0,01/01/2021
SANTA MARIA DO OESTE,412385,2021,1502,0,0,01/01/2021
SANTA MARIANA,412390,2021,2719,0,0,01/01/2021
SANTA MONICA,412395,2021,553,9,162.748643761302,01/01/2021
SANTANA DO ITARARE,412400,2021,916,0,0,01/01/2021
SANTA TEREZA DO OESTE,412402,2021,1360,0,0,01/01/2021
SANTA TEREZINHA DE ITAIPU,412405,2021,4135,1,2.41837968561064,01/01/2021
SANTO ANTONIO DA PLATINA,412410,2021,7930,15,18.9155107187894,01/01/2021
SANTO ANTONIO DO CAIUA,412420,2021,529,6,113.421550094518,01/01/2021
SANTO ANTONIO DO PARAISO,412430,2021,466,0,0,01/01/2021
SANTO ANTONIO DO SUDOESTE,412440,2021,3532,12,33.9750849377124,01/01/2021
SANTO INACIO,412450,2021,949,0,0,01/01/2021
SAO CARLOS DO IVAI,412460,2021,1143,7,61.2423447069116,01/01/2021
SAO JERONIMO DA SERRA,412470,2021,1865,0,0,01/01/2021
SAO JOAO,412480,2021,2217,6,27.063599458728,01/01/2021
SAO JOAO DO CAIUA,412490,2021,1032,4,38.7596899224806,01/01/2021
SAO JOAO DO IVAI,412500,2021,2351,0,0,01/01/2021
SAO JOAO DO TRIUNFO,412510,2021,1896,0,0,01/01/2021
SAO JORGE D'OESTE,412520,2021,1777,4,22.5098480585256,01/01/2021
SAO JORGE DO IVAI,412530,2021,1285,0,0,01/01/2021
SAO JORGE DO PATROCINIO,412535,2021,1370,15,109.489051094891,01/01/2021
SAO JOSE DA BOA VISTA,412540,2021,1201,1,8.32639467110741,01/01/2021
SAO JOSE DAS PALMEIRAS,412545,2021,621,0,0,01/01/2021
SAO JOSE DOS PINHAIS,412550,2021,36413,25,6.86567983961772,01/01/2021
SAO MANOEL DO PARANA,412555,2021,484,26,537.190082644628,01/01/2021
SAO MATEUS DO SUL,412560,2021,6256,71,113.49104859335,01/01/2021
SAO MIGUEL DO IGUACU,412570,2021,4957,37,74.6419205164414,01/01/2021
SAO PEDRO DO IGUACU,412575,2021,1262,0,0,01/01/2021
SAO PEDRO DO IVAI,412580,2021,1854,0,0,01/01/2021
SAO PEDRO DO PARANA,412590,2021,471,6,127.388535031847,01/01/2021
SAO SEBASTIAO DA AMOREIRA,412600,2021,1659,2,12.0554550934298,01/01/2021
SAO TOME,412610,2021,956,71,742.677824267782,01/01/2021
SAPOPEMA,412620,2021,1022,0,0,01/01/2021
SARANDI,412625,2021,13659,0,0,01/01/2021
SAUDADE DO IGUACU,412627,2021,935,13,139.03743315508,01/01/2021
SENGES,412630,2021,2354,0,0,01/01/2021
SERRANOPOLIS DO IGUACU,412635,2021,1099,17,154.686078252957,01/01/2021
SERTANEJA,412640,2021,1282,0,0,01/01/2021
SERTANOPOLIS,412650,2021,3231,7,21.6651191581554,01/01/2021
SIQUEIRA CAMPOS,412660,2021,3560,3,8.42696629213483,01/01/2021
SULINA,412665,2021,689,8,116.11030478955,01/01/2021
TAMARANA,412667,2021,2137,3,14.0383715489003,01/01/2021
TAMBOARA,412670,2021,960,3,31.25,01/01/2021
TAPEJARA,412680,2021,2384,60,251.677852348993,01/01/2021
TAPIRA,412690,2021,1160,4,34.4827586206897,01/01/2021
TEIXEIRA SOARES,412700,2021,1745,0,0,01/01/2021
TELEMACO BORBA,412710,2021,10604,0,0,01/01/2021
TERRA BOA,412720,2021,3065,148,482.871125611746,01/01/2021
TERRA RICA,412730,2021,2891,17,58.8031822898651,01/01/2021
TERRA ROXA,412740,2021,3349,0,0,01/01/2021
TIBAGI,412750,2021,2809,0,0,01/01/2021
TIJUCAS DO SUL,412760,2021,2530,2,7.90513833992095,01/01/2021
TOLEDO,412770,2021,21509,1,0.464921660700172,01/01/2021
TOMAZINA,412780,2021,1536,0,0,01/01/2021
TRES BARRAS DO PARANA,412785,2021,1989,0,0,01/01/2021
TUNAS DO PARANA,412788,2021,492,0,0,01/01/2021
TUNEIRAS DO OESTE,412790,2021,1429,17,118.964310706788,01/01/2021
TUPASSI,412795,2021,1852,0,0,01/01/2021
TURVO,412796,2021,1953,12,61.4439324116744,01/01/2021
UBIRATA,412800,2021,4213,11,26.1096605744125,01/01/2021
UMUARAMA,412810,2021,20295,194,95.590046809559,01/01/2021
UNIAO DA VITORIA,412820,2021,8999,66,73.3414823869319,01/01/2021
UNIFLOR,412830,2021,436,0,0,01/01/2021
URAI,412840,2021,2669,0,0,01/01/2021
WENCESLAU BRAZ,412850,2021,3529,2,5.66732785491641,01/01/2021
VENTANIA,412853,2021,1373,0,0,01/01/2021
VERA CRUZ DO OESTE,412855,2021,1751,0,0,01/01/2021
VERE,412860,2021,1520,7,46.0526315789474,01/01/2021
ALTO PARAISO,412862,2021,502,18,358.565737051793,01/01/2021
DOUTOR ULYSSES,412863,2021,765,0,0,01/01/2021
VIRMOND,412865,2021,714,2,28.0112044817927,01/01/2021
VITORINO,412870,2021,1206,8,66.3349917081261,01/01/2021
XAMBRE,412880,2021,1238,9,72.6978998384491,01/01/2021
